title,company,location,link
"Python Software Engineer, Commercial Systems",Canonical,No office location,https://stackoverflow.com/jobs/566450
Backend Engineering Manager (Python) - Spekit - High Growth Series A Startup,SpekitviaSource Coders,No office location,https://stackoverflow.com/jobs/566634
Python Software Engineer,Captivation Software,"Fort Meade, MD",https://stackoverflow.com/jobs/525426
Software Developer (Python),Picnic,"Amsterdam, Netherlands",https://stackoverflow.com/jobs/292346
Python Developer suchen Kollegen (m/w/d),solute GmbH,"Karlsruhe, Deutschland",https://stackoverflow.com/jobs/284443
Backend Software Engineer - Python,Hubs,"Amsterdam, Netherlands",https://stackoverflow.com/jobs/543394
Python Data Engineer,Tech City Labs,"Reading, UK",https://stackoverflow.com/jobs/566099
Senior Python Full-Stack Developer (m/f/d),social sweethearts® GmbH,"München, Deutschland",https://stackoverflow.com/jobs/566631
Python/Django Developer (m/f/d),social sweethearts® GmbH,No office location,https://stackoverflow.com/jobs/566615
"Senior Software Engineer, Python",Chaturbate,"San Francisco, CA",https://stackoverflow.com/jobs/566183
Senior Backend Engineer (Python/Django) (m/f/d),Motius GmbH,"Belgrad, Serbien",https://stackoverflow.com/jobs/566601
Python Engineer,McD Tech Labs,"Mountain View, CA",https://stackoverflow.com/jobs/534766
Python Software Engineer (Quant Trading Firm),"Old Mission Capital, LLC","Chicago, IL",https://stackoverflow.com/jobs/528807
Python Entwickler*in Remote (f/m/d),Ambient,"Köln, Deutschland",https://stackoverflow.com/jobs/493874
Python Software Engineer - International growing scale-up!,Channable,"Utrecht, Netherlands",https://stackoverflow.com/jobs/265091
Python Developer (Remote),X-Team,No office location,https://stackoverflow.com/jobs/534454
Python Engineer for Climate Change - Budapest,MSCI,"Budapest, Hungary",https://stackoverflow.com/jobs/566493
"Python Back End Developer (FastAPI, Django, Celery)","Daupler, Inc.","Kansas City, MO",https://stackoverflow.com/jobs/523350
"Tech Lead, Python Systems Engineering",McD Tech Labs,"Mountain View, CA",https://stackoverflow.com/jobs/523801
Python Developer (Remote),Finsera,No office location,https://stackoverflow.com/jobs/524065
Senior Software Developer Python (m/f/d),Ströer Online Marketing,"Hamburg, Deutschland",https://stackoverflow.com/jobs/462625
Python Web Application Developer (Entry or Mid Level),"Cipher Tech Solutions, Inc",No office location,https://stackoverflow.com/jobs/561032
Sr. Full Stack Engineer- Python,AutoTrader,"Toronto, ON, Canada",https://stackoverflow.com/jobs/529021
Software Engineer - Python - Kubernetes,Canonical,No office location,https://stackoverflow.com/jobs/566356
Python Engineer,Intel Corporation,"Gdańsk, Poland",https://stackoverflow.com/jobs/529943
"Data Engineer (Python, ETL)",Finsera,No office location,https://stackoverflow.com/jobs/536631
Senior Software Engineer (Python),HENNGE K.K.,"Tokyo, Japan",https://stackoverflow.com/jobs/555511
Python-Entwickler (w/m/d),parcIT GmbH,"Köln, Germany",https://stackoverflow.com/jobs/566326
Software Engineer (Python AWS),Wizeline,"Phường 12 (Quận 10), Vietnam",https://stackoverflow.com/jobs/487852
Senior Full Stack Engineer (Python/JavaScript),Night Market,No office location,https://stackoverflow.com/jobs/566448
"Fullstack Software Entwickler - Python, .NET (m/w/d)",Comline Computer + Softwarelösungen SE,"Hamburg, Deutschland",https://stackoverflow.com/jobs/566662
Full Stack Engineer (Mid-level - Python/JavaScript),Night Market,No office location,https://stackoverflow.com/jobs/566449
Senior Python Backend Engineer (Site Reliability Engineering) (f/m/d),Delivery Hero SE,"Berlin, Germany",https://stackoverflow.com/jobs/566684
"Senior IoT Software Engineer (M/W/D/) Python, C++",VISPIRON CHARGE-V GmbH,"München, Deutschland",https://stackoverflow.com/jobs/524044
"Python Developer, REMOTE",Pentalog,No office location,https://stackoverflow.com/jobs/566579
Sr. Fullstack (Python Django & React) Engineer- StyleSeat,StyleSeat,No office location,https://stackoverflow.com/jobs/561047
"Senior Software Engineer, Integration QA, Python",Canonical,No office location,https://stackoverflow.com/jobs/519661
Software Engineer - Machine Learning Team (Python/C++) (m/w/d),Volume Graphics GmbH,"Heidelberg, Deutschland",https://stackoverflow.com/jobs/550558
"Python Software Engineer (Linux, Security)",diconium group,"Stuttgart, Deutschland",https://stackoverflow.com/jobs/556429
"Junior IoT Developer (M/W/D) Python, C++",VISPIRON CHARGE-V GmbH,"München, Deutschland",https://stackoverflow.com/jobs/548810
Software Engineer (Python Data Stack) (m/f/d),QuantCo,"Karlsruhe, Germany",https://stackoverflow.com/jobs/349976
"Senior Python Software Developer (m/f/d) @ our Partner ADSPERT (Berlin, remote)",solute GmbH,"Berlin, Deutschland",https://stackoverflow.com/jobs/547853
Software Engineer - Python - Optimise Ubuntu for Public Clouds,Canonical,No office location,https://stackoverflow.com/jobs/561738
"IoT / Java, Python Entwickler (w/m/d) - bundesweit & Homeoffice",objective partner AG,"Weinheim, Deutschland",https://stackoverflow.com/jobs/550882
Lead Software Engineer - Python Focus Big Loop Systems (m/f/d),CARIAD,"Ingolstadt, Germany",https://stackoverflow.com/jobs/566377
HPC Engineering Manager - Python & Linux,Canonical,No office location,https://stackoverflow.com/jobs/565980
"Senior Data Engineer (Python, Kafka, Airflow)",AMBOSS,"Berlin, Germany",https://stackoverflow.com/jobs/415218
"Insider Threat Engineer, Remote, Banking, Finance, Python, information security",MUFG,No office location,https://stackoverflow.com/jobs/566297
"Senior .Net Developer for ML, Computer Vision and Python Algorithm development",MapLarge,No office location,https://stackoverflow.com/jobs/165235
"Software-Entwickler / Developer (w/m/d) Java, Python, UiPath - Operation Support",Daimler Group Services Berlin,"Berlin, Deutschland",https://stackoverflow.com/jobs/566052
Tech Lead Engineering at sustainable start-up (m/f/x) - Munich/Remote,FINN,"München, Germany",https://stackoverflow.com/jobs/541678
C++/C Engineers required for leading Engineering company to work in Ireland.,"Arista Networks, Inc","Dublin 1, Ireland",https://stackoverflow.com/jobs/149576
DevOps Engineer with interesting scale up challenges,Channable,"Utrecht, Netherlands",https://stackoverflow.com/jobs/500253
Backend Engineer - Remote/On-Site,eLearning Industry,"Athens, Greece",https://stackoverflow.com/jobs/566140
"Software Engineer, Backend",SmartNews,"Shibuya City, Japan",https://stackoverflow.com/jobs/208334
"Software Developers for our offices in Berlin, Hamburg, Göttingen or Abingdon",Evotec SE,"Hamburg, Germany",https://stackoverflow.com/jobs/524299
React Front End Developer,"Daupler, Inc.","Kansas City, MO",https://stackoverflow.com/jobs/523351
Fully Remote Senior or Staff Software Engineer - Platform9,Platform9viaSource Coders,"Mountain View, CA",https://stackoverflow.com/jobs/566596
Backend Developer,Octopus Energy,"London, UK",https://stackoverflow.com/jobs/197943
Django Engineer (m/f/d) for Germany's leading local marketing platform,RegioHelden GmbH,"Stuttgart, Germany",https://stackoverflow.com/jobs/566661
Senior Full Stack Software Engineer,kaliber.ai,"San Francisco, CA",https://stackoverflow.com/jobs/251476
"Software Engineer, Python&TypeScript",Chaturbate,No office location,https://stackoverflow.com/jobs/566212
"Full Stack Software Engineer, Business Integrity",ByteDance,Singapore,https://stackoverflow.com/jobs/553099
Backend Engineer - all levels at sustainable start-up (m/f/x)-Munich or Remote,FINN,"München, Germany",https://stackoverflow.com/jobs/331741
Senior Software Developer (Full Stack),Jewel Paymentech Pte Ltd,Singapore,https://stackoverflow.com/jobs/534474
Backend Developer - APIs Team,Octopus Energy,"London, UK",https://stackoverflow.com/jobs/533658
"Frontend Software Engineer, Business Integrity",ByteDance,Singapore,https://stackoverflow.com/jobs/553035
Software Developer Frontend / fullstack (all genders),meteocontrol GmbH,"Augsburg, Deutschland",https://stackoverflow.com/jobs/566507
Software Engineer - Backend (d/f/m),Stylight,"München, Deutschland",https://stackoverflow.com/jobs/566055
"Software Engineer, Backend (EMEA)",Hotjar,No office location,https://stackoverflow.com/jobs/566547
Software Engineer in Test,McD Tech Labs,"Mountain View, CA",https://stackoverflow.com/jobs/523806
(Senior) DevOps Engineer (all genders),Elinvar GmbH,"Berlin, Germany",https://stackoverflow.com/jobs/549092
Front End Software Engineer – HPC Products,DUG Technology,"West Perth, Australia",https://stackoverflow.com/jobs/528137
Full Stack Web Developer (m/w/d),solute GmbH,"Karlsruhe, Deutschland",https://stackoverflow.com/jobs/556141
Full-Stack Software Engineer (C# + .NET 6 / React + Typescript) (f/m/d),HeidelbergCement AG,"Heidelberg, Deutschland",https://stackoverflow.com/jobs/559624
"Lead Software Engineer, atma.io",atma.io,No office location,https://stackoverflow.com/jobs/566393
Remote Fullstack Entwicklerin (m/w/d),Ambient,"Köln, Deutschland",https://stackoverflow.com/jobs/552969
"Backend Software Engineer, Customer Service Platform",ByteDance,Singapore,https://stackoverflow.com/jobs/529048
(Senior) DevOps Engineer (all genders),Elinvar GmbH,"Berlin, Germany",https://stackoverflow.com/jobs/549092
Senior Software Engineer - App Store APIs,Canonical,No office location,https://stackoverflow.com/jobs/551466
Web Engineer,Signal AI,"London, UK",https://stackoverflow.com/jobs/273615
Software Engineer (Monitoring System) - Working in Japan,LINE Fukuoka,"Fukuoka, Japan",https://stackoverflow.com/jobs/273841
Full stack software engineer,Ailo,"Sydney Olympic Park, Australia",https://stackoverflow.com/jobs/372382
"Backend Software Engineer, Business Integrity",ByteDance,Singapore,https://stackoverflow.com/jobs/553036
Senior C++ Software Developer,Topic Embedded Systems B.V.,"Best, Netherlands",https://stackoverflow.com/jobs/566387
"Senior Software Developer, REMOTE",Pentalog,No office location,https://stackoverflow.com/jobs/566592
DevOps Engineering Manager - Spekit - High Growth Series A Startup,SpekitviaSource Coders,"Denver, CO",https://stackoverflow.com/jobs/566564
Lead Full-Stack Software Engineer (Tech Lead) (f/m/d),HeidelbergCement AG,"Heidelberg, Deutschland",https://stackoverflow.com/jobs/557326
"Full-Stack Developer, Research & Development",Houston Astros Baseball R&D,"Houston, TX",https://stackoverflow.com/jobs/536288
Senior Backend Engineer,Leaf Logistics,No office location,https://stackoverflow.com/jobs/201671
Women in Tech - all levels at sustainable start-up (f/x) - Munich or Remote,FINN,No office location,https://stackoverflow.com/jobs/565648
Front-End Software Engineer,HENNGE K.K.,"Tokyo, Japan",https://stackoverflow.com/jobs/381280
"Full-Stack Developer (JavaScript, Node.JS) - REMOTE",MUFG,No office location,https://stackoverflow.com/jobs/559442
Software Engineer - Build the next generation of AI platform,Signal AI,"London, UK",https://stackoverflow.com/jobs/246027
Software Engineer in Test,Esri,"Redlands, CA",https://stackoverflow.com/jobs/561053
Backend Software Engineer for leading insurtech start-up,iptiQ by Swiss Re,"Hoofddorp, Netherlands",https://stackoverflow.com/jobs/472052
System Engineer (f/m/d) Kubernetes,ADITION technologies AG,"Freiburg im Breisgau, Deutschland",https://stackoverflow.com/jobs/525462
Software Engineer (Backend) (m/f/d),QuantCo,"Berlin, Germany",https://stackoverflow.com/jobs/409511
Full Stack Developer (m/f/d) – Product Team,Boehringer Ingelheim,"Wien, Österreich",https://stackoverflow.com/jobs/566017
Software Entwickler (m/w/d),NOVOMATIC AG,"Gumpoldskirchen, Österreich",https://stackoverflow.com/jobs/554829
C++ Software Engineer - Amsterdam,IMC Trading,"Amsterdam, Netherlands",https://stackoverflow.com/jobs/126614
Software Engineer,The Orchard,"London, UK",https://stackoverflow.com/jobs/543314
Remote Software Engineer Internship,HENNGE K.K.,No office location,https://stackoverflow.com/jobs/518082
"Software Engineering, VP - New York, NY - Banking - Finance - JAVA - AWS - AZURE",MUFG,"New York, NY",https://stackoverflow.com/jobs/566312
"Software Engineer, Platform Infrastructure",SmartNews,"Shibuya City, Japan",https://stackoverflow.com/jobs/448299
"Full-Stack Developer (JavaScript, Node.JS) - REMOTE",MUFG,No office location,https://stackoverflow.com/jobs/566296
Senior Backend Software Engineer - Landscape,Canonical,No office location,https://stackoverflow.com/jobs/551337
Backend Software Engineer,Contovista,"Schlieren, Switzerland",https://stackoverflow.com/jobs/536774
Backend Software Engineer - Trust and Safety Engineering,ByteDance,Singapore,https://stackoverflow.com/jobs/546396
Senior Software Engineer,ZAIKO K.K.,"Minato City, Japan",https://stackoverflow.com/jobs/524414
Software Engineer,SUSE,No office location,https://stackoverflow.com/jobs/514397
Staff Site Reliability Engineer,McD Tech Labs,"Mountain View, CA",https://stackoverflow.com/jobs/534770
"Full Stack Developer, Automation Engine",Elisa Polystar,"Helsinki, Finland",https://stackoverflow.com/jobs/558730
Software Engineer,Odoo,"Ciudad de México, Mexico",https://stackoverflow.com/jobs/472421
"Softwarearchitekt Digitale Signalverarbeitung, Software Defined Radio (m/w/d)",Rheinmetall,"Bremen, Deutschland",https://stackoverflow.com/jobs/560043
(Senior) Backend Engineer (m/w/d) - Trufa,Deloitte Deutschland,"Düsseldorf, Deutschland",https://stackoverflow.com/jobs/545254
"Senior Software Developer/Team Leader in Berlin, Hamburg, Göttingen or Abingdon",Evotec SE,"Berlin, Germany",https://stackoverflow.com/jobs/550234
Senior Machine Learning Engineer - OPEN TO REMOTE,The RealReal,"San Francisco, CA",https://stackoverflow.com/jobs/557022
Software Architect Lead,WeLab Bank Limited,Hong Kong,https://stackoverflow.com/jobs/565713
Software Engineer (m/w/d) Automation,H-TEC SYSTEMS GmbH,"Augsburg, Deutschland",https://stackoverflow.com/jobs/566540
Senior Software Engineer - tripleup.com,Triple for Numo,"Pittsburgh, PA",https://stackoverflow.com/jobs/545291
"DevOps Engineer, REMOTE",Pentalog,No office location,https://stackoverflow.com/jobs/566578
Software Engineer (Migration),Odoo,"San Francisco, CA",https://stackoverflow.com/jobs/472407
System Architect,Tucows,No office location,https://stackoverflow.com/jobs/560728
Software Engineer Frontend/Fullstack - Media & Services Hub (m/f/d),HolidayCheck Group AG,"München, Deutschland",https://stackoverflow.com/jobs/559404
(Senior) Backend Developer (f/m/d) Big Data,ADITION technologies AG,"Freiburg im Breisgau, Deutschland",https://stackoverflow.com/jobs/304655
Lead Data Scientist,Singapore Innovate Pte. Ltd,Singapore,https://stackoverflow.com/jobs/565885
"Engineering Experience, Senior Software Engineer (Remote)",Hotjar,No office location,https://stackoverflow.com/jobs/528857
Software Design Engineer C#,Topic Embedded Systems B.V.,"Best, Netherlands",https://stackoverflow.com/jobs/566386
(Senior) Android Software Developer - Munich,Paradox Cat GmbH,"München, Deutschland",https://stackoverflow.com/jobs/181583
"Backend Tech Lead, Customer Service Platform",ByteDance,Singapore,https://stackoverflow.com/jobs/546681
Software Engineer Frontend/Fullstack - Media & Services Hub (m/f/d),HolidayCheck Group AG,"München, Deutschland",https://stackoverflow.com/jobs/559404
Web Systems Engineer - HPC Products,DUG Technology,"West Perth, Australia",https://stackoverflow.com/jobs/528138
Site Reliability Engineering Lead (Remote),Hotjar,No office location,https://stackoverflow.com/jobs/545198
System Engineer (m/w/d) Kubernetes/OpenShift,German Edge Cloud GmbH & Co. KG,"Limburg an der Lahn, Deutschland",https://stackoverflow.com/jobs/539732
Solutions Architect | Senior Consultant | DevOps | Remote,Copado Strategic Services,No office location,https://stackoverflow.com/jobs/517847
"Staff Software Engineer, Applied AI",McD Tech Labs,"Mountain View, CA",https://stackoverflow.com/jobs/523807
Senior Software Engineer / Ruby or Elixir/ Remote,The RealReal,No office location,https://stackoverflow.com/jobs/522850
Software Engineering Manager,iptiQ by Swiss Re,"Hoofddorp, Netherlands",https://stackoverflow.com/jobs/472051
Business Intelligence Engineer (all genders),asgoodasnew electronics GmbH,"Berlin, Deutschland",https://stackoverflow.com/jobs/565661
Senior Software Engineer,Stardog Union,No office location,https://stackoverflow.com/jobs/521448
Software Engineer - MAAS,Canonical,No office location,https://stackoverflow.com/jobs/566318
Backend Engineer - Tradeshift Engage,Tradeshift,"Aarhus, Denmark",https://stackoverflow.com/jobs/526909
"Backend Tech Lead, Customer Service Platform",ByteDance,Singapore,https://stackoverflow.com/jobs/553813
Experienced Software Engineer,Outschool,No office location,https://stackoverflow.com/jobs/550915
Software Engineer - Cloud Images,Canonical,No office location,https://stackoverflow.com/jobs/566610
C++ Software Engineer,"Old Mission Capital, LLC","Chicago, IL",https://stackoverflow.com/jobs/528806
Senior Software Engineer Fullstack Java (m/w/d),SCHUFA Holding AG,"Wiesbaden, Deutschland",https://stackoverflow.com/jobs/566435
Software Integration AI Engineer,Intel Corporation,"George Town, Malaysia",https://stackoverflow.com/jobs/552554
Full Stack Engineer,Odoo,"Buffalo, NY",https://stackoverflow.com/jobs/558069
Java Software Engineer,IMC Trading,"Amsterdam, Netherlands",https://stackoverflow.com/jobs/122570
Senior DevOps Engineer (Remote),Slido,No office location,https://stackoverflow.com/jobs/519933
Technical Writer (m/f/x) - Munich or Remote,FINN,"München, Germany",https://stackoverflow.com/jobs/566504
Web Developer,Helmholtz-Zentrum hereon GmbH,"Geesthacht, Deutschland",https://stackoverflow.com/jobs/566360
Cloud Engineer Linux,team.blue NL B.V.,"Rotterdam, Netherlands",https://stackoverflow.com/jobs/523426
Software Entwickler*innen / Programmierer*innen,PNDetector GmbH,"München, Deutschland",https://stackoverflow.com/jobs/566513
"Software Engineer, Speech & Audio",ByteDance,Singapore,https://stackoverflow.com/jobs/553106
Fullstack Developer (m/w/d),German Edge Cloud GmbH & Co. KG,"Limburg an der Lahn, Deutschland",https://stackoverflow.com/jobs/539736
(Senior) Frontend Engineer (m/w/d) - Trufa,Deloitte Deutschland,"Düsseldorf, Deutschland",https://stackoverflow.com/jobs/533749
(Junior) Data Engineer (m/f/x) onsite or remote (in Germany),Scalable Capital GmbH,"München, Deutschland",https://stackoverflow.com/jobs/516327
Forensic Software Developer (Entry and Mid Levels),"Cipher Tech Solutions, Inc","Tampa, FL",https://stackoverflow.com/jobs/562286
Back-End Software Engineer,HENNGE K.K.,"Tokyo, Japan",https://stackoverflow.com/jobs/380985
Software Engineer (m/w/d),Bühler Motor Aviation GmbH,"Uhldingen-Mühlhofen, Deutschland",https://stackoverflow.com/jobs/566574
"Senior Manager of Software Engineering, Data Platform (Remote Eligible)",Flyr Inc,"Los Angeles, CA",https://stackoverflow.com/jobs/530715
Senior Software Engineer - Data Lake,Mimecast,"London, UK",https://stackoverflow.com/jobs/558739
"Senior Software Engineer, Trust, Education",Chan Zuckerberg Initiative,"Redwood City, CA",https://stackoverflow.com/jobs/537679
Werkstudent Software Engineering Data & ML (m/w/d),QuantCo,"Karlsruhe, Deutschland",https://stackoverflow.com/jobs/328986
Data Engineer for Insurtech Startup,iptiQ by Swiss Re,"Hoofddorp, Netherlands",https://stackoverflow.com/jobs/471200
Embedded Software Engineer,Sonova AG,"Stäfa, Schweiz",https://stackoverflow.com/jobs/566268
"Senior Support & Software Engineer, Tokyo (Remote)",Canonical,No office location,https://stackoverflow.com/jobs/534042
"Testing Software Engineer, TikTok e-Commerce",ByteDance,Singapore,https://stackoverflow.com/jobs/533132
Senior Test Automation Engineer (f/m/d),Evotec SE,"Göttingen, Germany",https://stackoverflow.com/jobs/561035
Senior Backend Engineer,Pollen,"London, UK",https://stackoverflow.com/jobs/522622
LMAX Software Developer (Core Java),LMAX Group,"London, UK",https://stackoverflow.com/jobs/181651
DevOps - System Admin (Remote),iubenda,"Milan, Italy",https://stackoverflow.com/jobs/566171
(Senior) Software Engineer- ADAS &amp; AD,CARIAD,"Munich, Germany",https://stackoverflow.com/jobs/566563
LMAX Software Developer (Core Java),LMAX Group,"London, UK",https://stackoverflow.com/jobs/181651
Senior Software Engineer - Linux Engineering,Canonical,No office location,https://stackoverflow.com/jobs/540018
Software Engineer (HVM),Intel Corporation,"Kulim, Malaysia",https://stackoverflow.com/jobs/538188
Site Reliability Engineer,Zattoo,"Berlin, Germany",https://stackoverflow.com/jobs/565748
Site Reliability Engineer - Infrastructure Engineering,ByteDance,Singapore,https://stackoverflow.com/jobs/553810
"Senior Software Engineer, Data Services",Avature,"Herndon, VA",https://stackoverflow.com/jobs/566664
Build Engineer - New Sci-Fi FPS IP,Creative Assembly,"Horsham, UK",https://stackoverflow.com/jobs/566137
Software Engineer - Networking Applications,Intel Corporation,"Bengaluru, India",https://stackoverflow.com/jobs/539242
"Software Engineering, Analyst",MUFG,"Charlotte, NC",https://stackoverflow.com/jobs/559440
DevOps- Engineer (m/w/d),Volume Graphics GmbH,"Heidelberg, Deutschland",https://stackoverflow.com/jobs/545615
Software Engineer - Docker Images & Community,Canonical,No office location,https://stackoverflow.com/jobs/534266
Technical Support Engineer,Odoo,"San Francisco, CA",https://stackoverflow.com/jobs/558070
Software Engineer Java (m/w/d),SCHUFA Holding AG,No office location,https://stackoverflow.com/jobs/566457
Senior Backend Engineer,McD Tech Labs,"Mountain View, CA",https://stackoverflow.com/jobs/523791
Software Development Engineer in Test,Intel Corporation,"Bengaluru, India",https://stackoverflow.com/jobs/539336
*REMOTE* Lead (Senior) Kotlin & Java Engineer (m/f/x) High-Load Search-Engine,"AVANTGARDE - ""Creating Fans""",No office location,https://stackoverflow.com/jobs/529656
Software Engineer @ Enveil,Enveil,"Fulton, MD",https://stackoverflow.com/jobs/166432
Staff Software Engineer – GPU-Computing Machine Learning (m/f/d),CARIAD,"Wolfsburg, Germany",https://stackoverflow.com/jobs/566378
"Software Engineer Lead, Vice President - New York, NY - Banking - Financial",MUFG,"New York, NY",https://stackoverflow.com/jobs/566310
JR0178225 OpenIPC Senior Software Engineer,Intel Corporation,"Hillsboro, OR",https://stackoverflow.com/jobs/542196
Senior Software Engineer (Java) – Analytics & Data Infrastructure Team,Mimecast,"London, UK",https://stackoverflow.com/jobs/558740
Application Developer/Anwendungsentwickler (m/w/d),Element Six GmbH,"Burghaun, Deutschland",https://stackoverflow.com/jobs/566639
R&D Full Stack Software Engineer (Experienced),Sandia National Laboratories,"Albuquerque, NM",https://stackoverflow.com/jobs/566344
Build/Release Engineer,Tausight,No office location,https://stackoverflow.com/jobs/556779
Infrastructure Engineer,Catawiki,"Amsterdam, Netherlands",https://stackoverflow.com/jobs/566030
Senior Data Engineer (Fully Remote),Call Simulator,"Tallahassee, FL",https://stackoverflow.com/jobs/566182
DevOps- Engineer (m/w/d),Volume Graphics GmbH,"Heidelberg, Deutschland",https://stackoverflow.com/jobs/545615
Software Engineer - Docker Images & Community,Canonical,No office location,https://stackoverflow.com/jobs/534266
Process Engineering Graduate Intern,Intel Corporation,"Albuquerque, NM",https://stackoverflow.com/jobs/531834
"Software Engineer, Infrastructure, Education",Chan Zuckerberg Initiative,"Redwood City, CA",https://stackoverflow.com/jobs/565977
Senior Software Engineer - Cloud Engineering,Canonical,No office location,https://stackoverflow.com/jobs/535495
Full Stack Engineer,Zattoo,"Berlin, Germany",https://stackoverflow.com/jobs/565749
Software Defined Radio Developer,Captivation Software,"Aberdeen Proving Ground, MD",https://stackoverflow.com/jobs/316048
Senior Full-Stack Engineer with Node.js - Tradeshift Go,Tradeshift,"Bucharest, Romania",https://stackoverflow.com/jobs/526924
Senior Developer,American Logistics,No office location,https://stackoverflow.com/jobs/522889
Software Engineer,MUFG,"Charlotte, NC",https://stackoverflow.com/jobs/559421
"Senior Software Engineer, Language",McD Tech Labs,"Mountain View, CA",https://stackoverflow.com/jobs/523798
Senior Data Engineer,Blinks Labs GmbH,"Berlin, Germany",https://stackoverflow.com/jobs/566660
Senior DevOps Engineer,Tradeshift,"Bucharest, Romania",https://stackoverflow.com/jobs/526929
Software Validation Engineer,Intel Corporation,"Gdańsk, Poland",https://stackoverflow.com/jobs/529939
Software Systems Engineer (80%-100%),Open Systems AG,"Zürich, Switzerland",https://stackoverflow.com/jobs/550751
Software Developer (künstliche Intelligenz) - für E-Commerce Agentur in Bremen,hmmh multimediahaus AG,No office location,https://stackoverflow.com/jobs/529059
Software Engineer - Micro/Private/Bare-Metal Cloud,Canonical,No office location,https://stackoverflow.com/jobs/566676
Junior Backend Engineer (m/f/d),Relayr,"Katowice, Poland",https://stackoverflow.com/jobs/551592
"Senior Support & Software Engineer, NY Metro Area (AMERICAS)",Canonical,No office location,https://stackoverflow.com/jobs/534711
QA Tester,Self Decode,No office location,https://stackoverflow.com/jobs/561041
"Software Engineer (Product Infrastructure), TikTok e-Commerce",ByteDance,Singapore,https://stackoverflow.com/jobs/533135
Cloud Software Performance Engineer,Intel Corporation,"Hillsboro, OR",https://stackoverflow.com/jobs/528554
DevOps Engineer (Remote),Eterlast,"Barcelona, Spain",https://stackoverflow.com/jobs/563090
Infrastructure Engineer,Catawiki,"Amsterdam, Netherlands",https://stackoverflow.com/jobs/566030
Data Engineer (m/w/d),ARD-Programmdirektion,"München, Deutschland",https://stackoverflow.com/jobs/566568
Frontend Engineer (m/w/d),QuantCo,"Karlsruhe, Deutschland",https://stackoverflow.com/jobs/553014
Data Engineer,McD Tech Labs,"Mountain View, CA",https://stackoverflow.com/jobs/523793
Software Engineer - Silicon Product Design,Intel Corporation,"Hillsboro, OR",https://stackoverflow.com/jobs/530198
"Algorithm Engineer, Enterprise Partnership & Solutions",ByteDance,Singapore,https://stackoverflow.com/jobs/523517
Senior Software Engineer - Material Analysis Team (C++) (m/w/d),Volume Graphics GmbH,"Heidelberg, Deutschland",https://stackoverflow.com/jobs/163095
"Data Scientist, Machine Learning Evaluation",McD Tech Labs,"Mountain View, CA",https://stackoverflow.com/jobs/523805
Process Engineering Graduate Intern,Intel Corporation,"Albuquerque, NM",https://stackoverflow.com/jobs/531835
Staff Machine Learning Engineer - REMOTE,The RealReal,"Remote, OR",https://stackoverflow.com/jobs/552039
Softwareentwickler* HiL und Prüfstände,EDAG Group,"Ingolstadt, Deutschland",https://stackoverflow.com/jobs/566456
Data Architect mit einem Flair für AI,ti&m AG,"Zürich, Schweiz",https://stackoverflow.com/jobs/522399
Full Stack Developer,Rakettitiede,"Helsinki, Finland",https://stackoverflow.com/jobs/522743
Application Support Engineer,Derivco.,"Málaga, Spain",https://stackoverflow.com/jobs/565319
"Senior Support & Software Engineer, NY Metro Area (AMERICAS)",Canonical,No office location,https://stackoverflow.com/jobs/534711
Full Stack Developer - with passion for Security,Dynatrace,"Tallinn, Estonia",https://stackoverflow.com/jobs/566549
Senior Data Engineer - Recommendations (f/m/d),Delivery Hero SE,"Berlin, Germany",https://stackoverflow.com/jobs/565991
Site Reliability Engineer,Flow Traders,"Amsterdam, Netherlands",https://stackoverflow.com/jobs/381007
Qt C++ SDK Software Development Engineer,Esri,"Redlands, CA",https://stackoverflow.com/jobs/561049
Data Engineer – Data Warehouse,Shopee Singapore Private Limited,Singapore,https://stackoverflow.com/jobs/565914
DevOps Engineer (Remote),Eterlast,"Barcelona, Spain",https://stackoverflow.com/jobs/563090
Senior ML Engineer,Amaris.AI,Singapore,https://stackoverflow.com/jobs/533811
Senior Data Engineer,Lobster Ink Technologies,"Amsterdam, Netherlands",https://stackoverflow.com/jobs/566626
Data Engineer (Remote),X-Team,No office location,https://stackoverflow.com/jobs/534443
DevOps Engineer @ Nozomi Networks,Nozomi Networks,"Mendrisio, Switzerland",https://stackoverflow.com/jobs/555314
Experienced Backend Engineer - Java,"TheoremOne, LLC",No office location,https://stackoverflow.com/jobs/566085
Full Stack Developer - with passion for Security,Dynatrace,"Tallinn, Estonia",https://stackoverflow.com/jobs/566549
Mobile APP Developers - Leading Electronics Company,Pyronix,"Doncaster, UK",https://stackoverflow.com/jobs/524940
Site Reliability Engineer- ArcGIS Online,Esri,"Redlands, CA",https://stackoverflow.com/jobs/552702
Software Engineer - Robotics (m/f/d),Motius GmbH,"München, Deutschland",https://stackoverflow.com/jobs/545488
Cloud Software Engineer,Intel Corporation,"Gdańsk, Poland",https://stackoverflow.com/jobs/529942
Senior ML Engineer,Amaris.AI,Singapore,https://stackoverflow.com/jobs/533811
Data Architect mit einem Flair für AI,ti&m AG,"Zürich, Schweiz",https://stackoverflow.com/jobs/522399
Softwareentwickler*in IDA/Big Data,Atruvia AG,"Karlsruhe, Deutschland",https://stackoverflow.com/jobs/566537
Senior Software Engineer for growing VC-backed UK startup (based in UK/Europe),Snowplow Analytics,No office location,https://stackoverflow.com/jobs/536083
Intermediate Observability Engineer,Derivco.,"Umhlanga, South Africa",https://stackoverflow.com/jobs/528647
Software Developer,SUSE,No office location,https://stackoverflow.com/jobs/558030
Data Engineer – Data Warehouse,Shopee Singapore Private Limited,Singapore,https://stackoverflow.com/jobs/565914
Java Entwickler (m/w/d),STAR COOPERATION GmbH,"Böblingen, Deutschland",https://stackoverflow.com/jobs/566498
"Senior Software Engineer, Infrastructure, Education",Chan Zuckerberg Initiative,"Redwood City, CA",https://stackoverflow.com/jobs/537683
Senior React Developer | Contractor | Remote,Copado Strategic Services,No office location,https://stackoverflow.com/jobs/545086
Senior Software Engineer,Intel Corporation,"Bengaluru, India",https://stackoverflow.com/jobs/539300
Cloud Software Developer,Intel Corporation,"Guadalajara, Mexico",https://stackoverflow.com/jobs/557644
Automation Developer - Operations,MHR,"Ruddington, UK",https://stackoverflow.com/jobs/544506
Data Engineer,Coda Payments,No office location,https://stackoverflow.com/jobs/557317
DevOps Manager/Architect,Self Decode,No office location,https://stackoverflow.com/jobs/557000
Software-Entwickler Excel-Datenschnittstellen und Reports (m/w/d),PSI Software AG Geschäftsbereich PSI Gasnetze und Pipelines,"Berlin, Deutschland",https://stackoverflow.com/jobs/566502
Data Engineer,Hubs,"Amsterdam, Netherlands",https://stackoverflow.com/jobs/558873
Cloud Software Engineer,Intel Corporation,"Guadalajara, Mexico",https://stackoverflow.com/jobs/536886
"Container Platform Engineer, Vice President",MUFG,No office location,https://stackoverflow.com/jobs/559420
Senior Data Engineer E-Commerce (m/w/d),Peek & Cloppenburg,"Düsseldorf, Germany",https://stackoverflow.com/jobs/565672
DevOps Manager/Architect,Self Decode,No office location,https://stackoverflow.com/jobs/557000
Software-Entwickler Excel-Datenschnittstellen und Reports (m/w/d),PSI Software AG Geschäftsbereich PSI Gasnetze und Pipelines,"Berlin, Deutschland",https://stackoverflow.com/jobs/566502
Automation Developer - Operations,MHR,"Ruddington, UK",https://stackoverflow.com/jobs/544506
Data Engineer,Hubs,"Amsterdam, Netherlands",https://stackoverflow.com/jobs/558873
Senior Go Lang Developer | Contractor | Remote,Copado Strategic Services,No office location,https://stackoverflow.com/jobs/552166
Junior Systems Engineer – Entwicklung und Test vernetzter Funktionen,IAV GmbH,"Gaimersheim, Deutschland",https://stackoverflow.com/jobs/566464
Test Process and Module Engineer (Platform),Intel Corporation,"George Town, Malaysia",https://stackoverflow.com/jobs/552555
"Container Platform Engineer, Vice President",MUFG,No office location,https://stackoverflow.com/jobs/559420
Cloud Solutions Architect for Climate Change - Zurich,MSCI,"Zürich, Switzerland",https://stackoverflow.com/jobs/566491
Devops Engineer - Infrastructure Engineering,ByteDance,Singapore,https://stackoverflow.com/jobs/553812
Field Software Engineer - APAC,Canonical,No office location,https://stackoverflow.com/jobs/512382
"Site Reliability Engineer, Recommendation Architecture",ByteDance,Singapore,https://stackoverflow.com/jobs/553104
"Senior Software Engineer, Embedded Systems (m/f/d)",tado GmbH,No office location,https://stackoverflow.com/jobs/566398
"Software Engineering, AVP - Hybrid, Charlotte, NC, CI/CD principle, Atlassian",MUFG,"Charlotte, NC",https://stackoverflow.com/jobs/566302
DevOps Engineer (m/f/x),Worldline Germany GmbH,"Aachen, Deutschland",https://stackoverflow.com/jobs/566649
"Software Engineer, AVP",MUFG,"Charlotte, NC",https://stackoverflow.com/jobs/559429
Ethernet Technologies RDMA Software Applications Engineer,Intel Corporation,"Austin, TX",https://stackoverflow.com/jobs/530201
Senior Software Engineer,Administrate,No office location,https://stackoverflow.com/jobs/522940
DevOps Engineer (m/w/d),solute GmbH,"Karlsruhe, Deutschland",https://stackoverflow.com/jobs/556140
Developer Advocate,Supermetrics Oy,"Helsinki, Finland",https://stackoverflow.com/jobs/566093
Software Engineering Manager (f/m/d),Delivery Hero SE,"Berlin, Germany",https://stackoverflow.com/jobs/566668
Senior Software Engineer,Administrate,"Edinburgh, UK",https://stackoverflow.com/jobs/522939
Site Reliability Engineer (Applied Machine Learning),ByteDance,Singapore,https://stackoverflow.com/jobs/553811
"Tech Lead, Machine Learning Evaluation",McD Tech Labs,"Mountain View, CA",https://stackoverflow.com/jobs/523812
Senior Data Scientist,Choose Your Challenge - Data Careers at Boehringer Ingelheim,"Ingelheim am Rhein, Germany",https://stackoverflow.com/jobs/566536
Embedded Software Development Engineer,Baker Hughes,"Groby, UK",https://stackoverflow.com/jobs/560598
"Senior Data Engineer, Education",Chan Zuckerberg Initiative,"Redwood City, CA",https://stackoverflow.com/jobs/565328
Machine Learning Engineer,Relay42,"Amsterdam, Netherlands",https://stackoverflow.com/jobs/469169
"Tech Lead, Machine Learning Evaluation",McD Tech Labs,"Mountain View, CA",https://stackoverflow.com/jobs/523812
Machine Learning Engineer (m/f/x),ING Deutschland,"Frankfurt am Main, Deutschland",https://stackoverflow.com/jobs/565982
Test Process and Module Engineer (Platform),Intel Corporation,"George Town, Malaysia",https://stackoverflow.com/jobs/552555
Head of Scientific Computing (m/f/div),Max Planck Institute for Neurobiology of Behavior – caesar,"Bonn, Deutschland",https://stackoverflow.com/jobs/566074
Network Software Engineer,Intel Corporation,"Austin, TX",https://stackoverflow.com/jobs/530203
Field Software Engineer - APAC,Canonical,No office location,https://stackoverflow.com/jobs/512382
Sr. Test Engineer,Rain Bird Corporation,"Tucson, AZ",https://stackoverflow.com/jobs/555341
Test Automation Engineer,AE nv/sa,"Dilbeek, Belgium",https://stackoverflow.com/jobs/525138
DevOps Engineer (m/f/x),Worldline Germany GmbH,"Aachen, Deutschland",https://stackoverflow.com/jobs/566649
"Software Engineer, AVP",MUFG,"Charlotte, NC",https://stackoverflow.com/jobs/559429
Sustaining Operations Engineer,Canonical,No office location,https://stackoverflow.com/jobs/566371
Cloud Native Senior Software Engineer,Intel Corporation,"Dublin, Ireland",https://stackoverflow.com/jobs/548771
Cloud Field Engineer - Americas,Canonical,No office location,https://stackoverflow.com/jobs/566035
"Lead, Automation Engineer",Revance,"Pleasanton, CA",https://stackoverflow.com/jobs/566559
(Junior) Consultant (m/w/d) - IT Implementierungsspezialist / Global Employer Se,Deloitte Deutschland,"Düsseldorf, Deutschland",https://stackoverflow.com/jobs/556992
Product Engineer I - Real Time & Big Data,Esri,"Redlands, CA",https://stackoverflow.com/jobs/566044
Senior Software Engineer,Administrate,No office location,https://stackoverflow.com/jobs/522940
Data Engineer,CGI Suomi,"Helsinki, Finland",https://stackoverflow.com/jobs/559232
Senior Cloud Security Engineer,MUFG,"Charlotte, NC",https://stackoverflow.com/jobs/559434
DevOps Engineer (m/w/d),solute GmbH,"Karlsruhe, Deutschland",https://stackoverflow.com/jobs/556140
Ethernet Technologies Software Applications Engineer - DPDK,Intel Corporation,"Hillsboro, OR",https://stackoverflow.com/jobs/530199
Head of Shipping Data Science (ML),eBay,"Bellevue, WA",https://stackoverflow.com/jobs/565971
IT System Engineer (m/w/d),SoSafe GmbH,"Köln, Deutschland",https://stackoverflow.com/jobs/566490
Bioinformatician,Choose Your Challenge - Data Careers at Boehringer Ingelheim,"Biberach, Germany",https://stackoverflow.com/jobs/566555
Full Stack Developer,BOTS by RevenYOU,"Haarlem, Netherlands",https://stackoverflow.com/jobs/533368
Network Software Engineer,Intel Corporation,"Austin, TX",https://stackoverflow.com/jobs/530203
DevSecOps Consultant,Ensign InfoSecurity (Cybersecurity) Pte Ltd,Singapore,https://stackoverflow.com/jobs/534274
Field Software Engineer - EMEA,Canonical,No office location,https://stackoverflow.com/jobs/501791
Test Automation Engineer,AE nv/sa,"Dilbeek, Belgium",https://stackoverflow.com/jobs/525138
Cloud Field Engineer - Americas,Canonical,No office location,https://stackoverflow.com/jobs/566035
Data Engineer (m/w/d) | The Garage,Deloitte Deutschland,"Düsseldorf, Deutschland",https://stackoverflow.com/jobs/545256
Linux Cloud Consultant - Americas,Canonical,No office location,https://stackoverflow.com/jobs/562585
Senior Cloud Security Engineer,MUFG,"Charlotte, NC",https://stackoverflow.com/jobs/559434
"Tech Lead, Data Infrastructure",McD Tech Labs,"Mountain View, CA",https://stackoverflow.com/jobs/523800
Senior DevSecOps Engineer - Remote,MUFG,No office location,https://stackoverflow.com/jobs/559427
Systems Engineer – Entwicklung und Test vernetzter Funktionen,IAV GmbH,"Gaimersheim, Deutschland",https://stackoverflow.com/jobs/566463
Full Stack Lead/Architect (Sr. Deep Learning R and D Engineer),Intel Corporation,"Bengaluru, India",https://stackoverflow.com/jobs/539294
DevOps Developer,ECi Software Solutions,No office location,https://stackoverflow.com/jobs/566558
DevOps Cloud Engineer (Kubernetes) - Remote,IG Group,No office location,https://stackoverflow.com/jobs/532885
Senior Site Reliability Engineer (ServiceOps),"Wikimedia Foundation, Inc.",No office location,https://stackoverflow.com/jobs/566259
DevOps Engineer  (Jede*r),tarent solutions GmbH,No office location,https://stackoverflow.com/jobs/555101
"Site Reliability Engineer, Video Infrastructure",ByteDance,Singapore,https://stackoverflow.com/jobs/547753
Senior Software Engineer,Administrate,No office location,https://stackoverflow.com/jobs/522941
DevOps Engineer,Esri,"Redlands, CA",https://stackoverflow.com/jobs/566039
Experienced Data Engineer,Accenture Romania,"Bucharest, Romania",https://stackoverflow.com/jobs/525561
Cloud Platform Engineer (d/m/w) Data & Analytics,DEVK Versicherungen,"Köln, Deutschland",https://stackoverflow.com/jobs/526685
"Senior Developer (React, Node.js) (m/f/d)",Ziegert EverEstate GmbH,"Berlin, Deutschland",https://stackoverflow.com/jobs/394267
Senior Security Analyst (d/m/w) Schwerpunkt IDS und Bedrohungsanalyse,DEVK Versicherungen,"Köln, Deutschland",https://stackoverflow.com/jobs/524954
Senior DevOps Engineer (Nordic or Germany),Nets Group,"Helsingfors, Finland",https://stackoverflow.com/jobs/565836
Security Engineer,Outschool,No office location,https://stackoverflow.com/jobs/566357
Ecosystems Software Engineer,Intel Corporation,"George Town, Malaysia",https://stackoverflow.com/jobs/552553
Senior DevOps Engineer,Zenjob,"Berlin, Germany",https://stackoverflow.com/jobs/552356
McCloud HPC Expert,DUG Technology,"West Perth, Australia",https://stackoverflow.com/jobs/396027
Graphics Software Engineer,Intel Corporation,"Shanghai, China",https://stackoverflow.com/jobs/543846
Head of Shipping Data Science (ML),eBay,"Bellevue, WA",https://stackoverflow.com/jobs/565971
Senior Client Side Developer (m/w/d),Basler AG,"Hamburg, Deutschland",https://stackoverflow.com/jobs/566446
Senior Backend Developer (m/f/d),Enote GmbH,"Berlin, Deutschland",https://stackoverflow.com/jobs/565938
Senior DevOps Engineer,Supermetrics Oy,No office location,https://stackoverflow.com/jobs/565891
Senior Site Reliability Engineer (ServiceOps),"Wikimedia Foundation, Inc.",No office location,https://stackoverflow.com/jobs/566259
"Product Manager, Data & Analytics Solutions (Campus)",Azendian Solutions Pte. Ltd.,Singapore,https://stackoverflow.com/jobs/565767
Test Engineer Connected Car (m/w/d),Pixida GmbH,"München, Deutschland",https://stackoverflow.com/jobs/564480
Data Scientist (d/m/w),DEVK Versicherungen,"Köln, Deutschland",https://stackoverflow.com/jobs/533653
IT System Administrator / DevOps (f/m/x),ImFusion GmbH,"München, Deutschland",https://stackoverflow.com/jobs/562665
Solution Engineer (m/w/d) - Cloud AWS,Deloitte Deutschland,"Düsseldorf, Deutschland",https://stackoverflow.com/jobs/533754
Senior Cloud Software Engineer,Intel Corporation,"Shanghai, China",https://stackoverflow.com/jobs/540182
Deep Learning System Frameworks Engineer,Intel Corporation,"Shanghai, China",https://stackoverflow.com/jobs/543845
Software Engineering Manager,Intel Corporation,"Bengaluru, India",https://stackoverflow.com/jobs/539256
Senior Infra and DevSecOps Engineer,Amaris.AI,Singapore,https://stackoverflow.com/jobs/533810
Systems Engineer,LMAX Group,"London, UK",https://stackoverflow.com/jobs/535022
"Cloud Operations Engineer, APAC",Canonical,No office location,https://stackoverflow.com/jobs/526213
Experienced Data Engineer,Accenture Romania,"Bucharest, Romania",https://stackoverflow.com/jobs/525561
Senior Android Engineer,Livefront,"Minneapolis, MN",https://stackoverflow.com/jobs/521510
IT System Administrator / DevOps (f/m/x),ImFusion GmbH,"München, Deutschland",https://stackoverflow.com/jobs/562665
Senior Cloud Software Engineer,Intel Corporation,"Shanghai, China",https://stackoverflow.com/jobs/540182
Manager - Data Reliability Engineer,McDonald's Corporation,"Chicago, IL",https://stackoverflow.com/jobs/556557
Solution Engineer (m/w/d) - Cloud AWS,Deloitte Deutschland,"Düsseldorf, Deutschland",https://stackoverflow.com/jobs/533754
"Cloud Engineer (Azure, Google Cloud Platform, AWS)",ti&m AG,"Bern, Schweiz",https://stackoverflow.com/jobs/522337
Senior DevSecOps Engineer - REMOTE,MUFG,No office location,https://stackoverflow.com/jobs/559433
Senior Infra and DevSecOps Engineer,Amaris.AI,Singapore,https://stackoverflow.com/jobs/533810
"Cloud Operations Engineer, APAC",Canonical,No office location,https://stackoverflow.com/jobs/526213
Lead Data & Integration Engineer (HProduce) (f/m/d),HeidelbergCement AG,"Heidelberg, Deutschland",https://stackoverflow.com/jobs/537895
Experienced Data Engineer,Accenture Romania,"Bucharest, Romania",https://stackoverflow.com/jobs/525561
Staff Site Reliability Engineer (Traffic),"Wikimedia Foundation, Inc.",No office location,https://stackoverflow.com/jobs/566247
Frontend Developer,Octopus Energy,"London, UK",https://stackoverflow.com/jobs/533659
Software Engineer,Intel Corporation,"Hillsboro, OR",https://stackoverflow.com/jobs/530206
"Software Engineer, Authentication & Security (EMEA)",Hotjar,No office location,https://stackoverflow.com/jobs/544779
Senior Solution Engineer (m/w/d) - Cloud Azure Expert,Deloitte Deutschland,"Düsseldorf, Deutschland",https://stackoverflow.com/jobs/533755
Senior DevOps Engineer,AIR MILES,"Toronto, ON, Canada",https://stackoverflow.com/jobs/539243
Open Source Software Lead (Cloud Native),Intel Corporation,"Dublin, Ireland",https://stackoverflow.com/jobs/553034
Senior iOS engineer - ux + video,SmileDirectClub,No office location,https://stackoverflow.com/jobs/546573
Senior Cloud Infrastructure Engineer - OPEN TO REMOTE,The RealReal,"San Francisco, CA",https://stackoverflow.com/jobs/552029
Consultant (m/w/d) - Digital Forensics/Cyber Forensics,Deloitte Deutschland,"Düsseldorf, Germany",https://stackoverflow.com/jobs/566199
Data Analytics Strategist – HConnect (f/m/d),HeidelbergCement AG,"Heidelberg, Deutschland",https://stackoverflow.com/jobs/546689
Platform Engineer,SUSE,No office location,https://stackoverflow.com/jobs/555636
Graphics SRIOV Virtualization Developer,Intel Corporation,"Bengaluru, India",https://stackoverflow.com/jobs/539293
Senior Fullstack Engineer,AMBOSS,"Berlin, Germany",https://stackoverflow.com/jobs/557771
"Site Reliability Engineer, Kubernetes",camunda,No office location,https://stackoverflow.com/jobs/550386
Information Security Manager (m/w/d),ABOUT YOU SE & Co. KG,"Hamburg, Deutschland",https://stackoverflow.com/jobs/566395
Lead Data & Integration Engineer (HProduce) (f/m/d),HeidelbergCement AG,"Heidelberg, Deutschland",https://stackoverflow.com/jobs/537895
Software Engineer,Intel Corporation,"Hillsboro, OR",https://stackoverflow.com/jobs/530205
"Lead Engineer – SRE, Automation",LMAX Group,"London, UK",https://stackoverflow.com/jobs/544001
"Cloud Engineer (Azure, Google Cloud Platform, AWS)",ti&m AG,"Bern, Schweiz",https://stackoverflow.com/jobs/522337
Software Engineer,Intel Corporation,"Hillsboro, OR",https://stackoverflow.com/jobs/530206
Site Reliability Engineer III,"Wikimedia Foundation, Inc.",No office location,https://stackoverflow.com/jobs/566260
"Director, Shipping Science",eBay,"Bellevue, WA",https://stackoverflow.com/jobs/565970
Software Engineer,Intel Corporation,"Hillsboro, OR",https://stackoverflow.com/jobs/530570
Cloud Data Architect mit Flair für AI,ti&m AG,"Bern, Schweiz",https://stackoverflow.com/jobs/522336
Graphics SRIOV Virtualization Developer,Intel Corporation,"Bengaluru, India",https://stackoverflow.com/jobs/539293
(Junior) Softwareentwickler - Java / Golang / Cloud - (w/m/d),GoCaspi GmbH,No office location,https://stackoverflow.com/jobs/566363
Data Analytics Strategist – HConnect (f/m/d),HeidelbergCement AG,"Heidelberg, Deutschland",https://stackoverflow.com/jobs/546689
Platform Engineer,SUSE,No office location,https://stackoverflow.com/jobs/555636
"Report Automation Lead - Jersey City, NJ - Bachelors - Leadership",MUFG,"Jersey City, NJ",https://stackoverflow.com/jobs/566311
Sr. Application Security Engineer,MUFG,"New York, NY",https://stackoverflow.com/jobs/559422
Network Software Engineer,Intel Corporation,"Bengaluru, India",https://stackoverflow.com/jobs/539257
Azure BI Technical Architect,BigChange Ltd,No office location,https://stackoverflow.com/jobs/532866
Embedded Linux Consulting Engineering Director,Canonical,No office location,https://stackoverflow.com/jobs/562923
Lead Tech SEO Manager (d/f/m),Stylight,"München, Deutschland",https://stackoverflow.com/jobs/566291
Cloud Software Engineer,Intel Corporation,"Hillsboro, OR",https://stackoverflow.com/jobs/530195
Senior Security Engineer,IG Group,"London, UK",https://stackoverflow.com/jobs/555193
Sr. DevOps Engineer,SpaceX,"Hawthorne, CA",https://stackoverflow.com/jobs/562440
Senior Data Engineer,Supermetrics Oy,"Helsinki, Finland",https://stackoverflow.com/jobs/546539
Senior DevOps Engineer,Higher Logic,"Arlington, VA",https://stackoverflow.com/jobs/529128
Ubuntu on WSL Software Engineer,Canonical,No office location,https://stackoverflow.com/jobs/566436
Senior Software Engineer (Java)- Database Services,Mimecast,"London, UK",https://stackoverflow.com/jobs/558741
"Cloud Engineer (Azure, Google Cloud Platform, AWS)",ti&m AG,"Zürich, Schweiz",https://stackoverflow.com/jobs/522303
DevOps / SRE Engineer (f/m/d),HeidelbergCement AG,"Heidelberg, Deutschland",https://stackoverflow.com/jobs/555115
Sr. Software Engineer (Full stack Java),MUFG,"Charlotte, NC",https://stackoverflow.com/jobs/559425
Sr. Signal Integrity Engineer,Intel Corporation,"Shanghai, China",https://stackoverflow.com/jobs/543848
"VP, Software Engineering",Canonical,No office location,https://stackoverflow.com/jobs/553806
Technical Specialist - System Services,Derivco.,"Umhlanga, South Africa",https://stackoverflow.com/jobs/528648
Edge AI Deep Learning Validation Engineer,Intel Corporation,"Bengaluru, India",https://stackoverflow.com/jobs/539297
Cloud Infrastructure Engineer,Relay42,"Amsterdam, Netherlands",https://stackoverflow.com/jobs/407421
"Informatiker/in, Ingenieur/in, Physiker/in, Mathematiker/in o. ä. (w/m/d)",Deutsches Zentrum für Luft- und Raumfahrt e. V. (DLR),"Darmstadt, Deutschland",https://stackoverflow.com/jobs/566125
Sr. Application Security Engineer,MUFG,"New York, NY",https://stackoverflow.com/jobs/559422
Network Software Engineer,Intel Corporation,"Bengaluru, India",https://stackoverflow.com/jobs/539257
DevOps Engineer (m/w/d) | The Garage,Deloitte Deutschland,"Düsseldorf, Deutschland",https://stackoverflow.com/jobs/545252
Senior Security Engineer,IG Group,"London, UK",https://stackoverflow.com/jobs/555193
Data Platform Architect,Octopus Energy,"London, UK",https://stackoverflow.com/jobs/541302
Data Engineer,"Betterup, Inc.",No office location,https://stackoverflow.com/jobs/523557
Data Science - Engineering Manager,Belvo Technologies,No office location,https://stackoverflow.com/jobs/559029
DevOps Lead,Which?,"London, UK",https://stackoverflow.com/jobs/556891
Senior Data Engineer,Supermetrics Oy,"Helsinki, Finland",https://stackoverflow.com/jobs/546539
"Sr. Software Engineer, Machine Learning Infrastructure",Chan Zuckerberg Initiative,"Redwood City, CA",https://stackoverflow.com/jobs/565330
"CBT Infrastructure AVP, Tempe, AZ, AWS, Linux, project management, scripting",MUFG,"Tempe, AZ",https://stackoverflow.com/jobs/566299
Machine Learning Engineer,"Betterup, Inc.",No office location,https://stackoverflow.com/jobs/523562
Senior Cloud Software Services Architect,Intel Corporation,"Hillsboro, OR",https://stackoverflow.com/jobs/530190
DevOps Engineer,Higher Logic,No office location,https://stackoverflow.com/jobs/566273
Ethernet Manageability Applications Engineer,Intel Corporation,"Austin, TX",https://stackoverflow.com/jobs/530200
Data Scientist,AutoTrader,"Toronto, ON, Canada",https://stackoverflow.com/jobs/529015
Lead DevOps / SRE Engineer (f/m/d),HeidelbergCement AG,"Heidelberg, Deutschland",https://stackoverflow.com/jobs/555118
Public Cloud Consultant,Canonical,No office location,https://stackoverflow.com/jobs/551198
Senior DevOps Engineer,Ascensus,No office location,https://stackoverflow.com/jobs/525432
Senior DevOps Engineer - Data Operations,"Sailpoint Technologies, Inc.",No office location,https://stackoverflow.com/jobs/557351
Hyperscale Cloud Developer Advocate,Intel Corporation,"Hillsboro, OR",https://stackoverflow.com/jobs/528557
"Sr. Capacity and Performance Engineer - remote, financial services industry",MUFG,No office location,https://stackoverflow.com/jobs/566300
Senior Security Engineer - REMOTE,MUFG,No office location,https://stackoverflow.com/jobs/559444
DevOps Engineer - High Performance Computing (Mid-Career),Sandia National Laboratories,"Albuquerque, NM",https://stackoverflow.com/jobs/566341
AI Solutions Architect,Intel Corporation,"Bengaluru, India",https://stackoverflow.com/jobs/539246
Associate Field Software Engineer - EMEA,Canonical,No office location,https://stackoverflow.com/jobs/471550
Kubernetes Engineering Manager,Canonical,No office location,https://stackoverflow.com/jobs/551186
Cloud Engineer,Olo,No office location,https://stackoverflow.com/jobs/516558
Senior Solutions Architect/Data Architect,Intel Corporation,"Hillsboro, OR",https://stackoverflow.com/jobs/530028
"Cloud Engineer, AVP -Remote",MUFG,No office location,https://stackoverflow.com/jobs/559428
Site Reliability Engineering Manager,Canonical,No office location,https://stackoverflow.com/jobs/533163
"Site Reliability Engineer, Americas",Canonical,No office location,https://stackoverflow.com/jobs/454608
Scala Engineer,Snowplow Analytics,No office location,https://stackoverflow.com/jobs/562416
"Software Engineering Manager, Seattle WA",MSCI,"Seattle, WA",https://stackoverflow.com/jobs/565855
Gruppchef inom data science,Säkerhetspolisen,"Stockholm, Sweden",https://stackoverflow.com/jobs/558998
Computer Scientist - Development Programs - Entry/ Mid-Level,National Security Agency,"Fort Meade, MD",https://stackoverflow.com/jobs/565896
Join our Tech Community as Working Student (m/f/d),Motius GmbH,"München, Deutschland",https://stackoverflow.com/jobs/566670
Software Engineer,Reaktor,"Lisboa, Portugal",https://stackoverflow.com/jobs/553136
"Interview Engineer (Remote, Germany)",Karat.com,No office location,https://stackoverflow.com/jobs/565627
Software Engineers,Lightmatter,No office location,https://stackoverflow.com/jobs/565756
Head of Engineering (m/f/d),VEACT GmbH,"München, Deutschland",https://stackoverflow.com/jobs/538334
Senior Software Engineers,Lightmatter,No office location,https://stackoverflow.com/jobs/523002
Senior Software Engineer (Go),HENNGE K.K.,"Tokyo, Japan",https://stackoverflow.com/jobs/555512
Senior Backend Developer (f/m/d),HOMELIKE INTERNET GmbH,"Köln, Deutschland",https://stackoverflow.com/jobs/522556
Senior Software Engineer – Container Ecosystem,SUSE,No office location,https://stackoverflow.com/jobs/554241
Junior Software Engineer im Firmenübergreifenden Trainee-Programm (100%),M&F Engineering AG,"Weiningen, Schweiz",https://stackoverflow.com/jobs/233263
"Software Engineering Manager - Selection Domain, Core Order (w/m/d)",Delivery Hero SE,"Berlin, Germany",https://stackoverflow.com/jobs/562276
Platform Engineer,Octopus Energy,"Houston, TX",https://stackoverflow.com/jobs/531787
Senior DevOps Engineer (Cloud Solutions),Coda Payments,No office location,https://stackoverflow.com/jobs/565675
Senior Data Engineer - Remote,Didomi,"Paris, France",https://stackoverflow.com/jobs/557607
Sr. Software Engineer,SpaceX,"Hawthorne, CA",https://stackoverflow.com/jobs/562441
Engineering Manager,AMBOSS,"Berlin, Germany",https://stackoverflow.com/jobs/524863
DevOps Engineer (w/m/d) - bundesweit & Homeoffice,objective partner AG,"Weinheim, Deutschland",https://stackoverflow.com/jobs/550881
Engineering Technical Recruiter,QuantCo,"Berlin, Deutschland",https://stackoverflow.com/jobs/553016
Senior SOC Engineer (Remote - Canada),Open Systems AG,"Vancouver, BC, Canada",https://stackoverflow.com/jobs/548058
Principal Java Engineer,Picnic,"Amsterdam, Netherlands",https://stackoverflow.com/jobs/559762
"Interview Engineer (Remote, Canada)",Karat.com,No office location,https://stackoverflow.com/jobs/565626
"Interview Engineer (Remote, Australia)",Karat.com,No office location,https://stackoverflow.com/jobs/565625
"Interview Engineer (Remote, United Kingdom)",Karat.com,No office location,https://stackoverflow.com/jobs/565630
Research Scientist,"Edgestream Partners, L.P.","Princeton, NJ",https://stackoverflow.com/jobs/518607
Integration App Product Engineer,SyncSmart.io (by LyntonWeb.com),No office location,https://stackoverflow.com/jobs/519804
Lead AI Engineer,Singapore Innovate Pte. Ltd,Singapore,https://stackoverflow.com/jobs/560743
Data Corn (m/w/d),Breuninger GmbH & Co.,"Stuttgart, Deutschland",https://stackoverflow.com/jobs/432950
"Interview Engineer (Remote, South Africa)",Karat.com,No office location,https://stackoverflow.com/jobs/565624
"Interview Engineer (Remote, Israel)",Karat.com,No office location,https://stackoverflow.com/jobs/565628
Data Corn (m/w/d),Breuninger GmbH & Co.,"Stuttgart, Deutschland",https://stackoverflow.com/jobs/432950
"Tech Lead Engineering Manager, Trust and Safety Engineering",ByteDance,Singapore,https://stackoverflow.com/jobs/546397
Scientific Applications Developer,DownUnder GeoSolutions Pty Ltd,"West Perth, Australia",https://stackoverflow.com/jobs/352726
Senior SOC Engineer,Open Systems AG,"Zürich, Switzerland",https://stackoverflow.com/jobs/548049
Backend Developer with Cloud experience,Accenture Romania,No office location,https://stackoverflow.com/jobs/534721
Senior Security Engineer,Open Systems AG,"Noida, India",https://stackoverflow.com/jobs/548050
Machine Learning Technical Lead - E-commerce Risk Management,ByteDance,Singapore,https://stackoverflow.com/jobs/525174
"Engineering Director, Community",Canonical,No office location,https://stackoverflow.com/jobs/483511
Computer Scientist I,JT4,"Edwards, CA 93523 93523+2 locations",https://www.indeed.com/viewjob?jk=0c0c355629ba8eca&from=web&vjs=3 
Data Analyst + Apprentice (Entry-Level),New Apprenticeship,"Jersey City, NJ+6 locations",https://www.indeed.com/viewjob?jk=0b19d5ce76217727&from=web&vjs=3 
DFT Senior Staff Engineer,Accenture,"San Jose, CA 95113 95113 (Downtown area)+11 locations",https://www.indeed.com/viewjob?jk=842f4d4bd4be33c1&from=web&vjs=3 
Systems Engineer ﻿,Saab Inc.,"Remote in East Syracuse, NY 13057 13057+6 locations",https://www.indeed.com/viewjob?jk=502ecfa08c783cb4&from=web&vjs=3 
Data Scientist,NIKE INC,"Beaverton, OR 97005 97005 (Central Beaverton area)+9 locations",https://www.indeed.com/viewjob?jk=1b6c8b5523a43501&from=web&vjs=3 
Embedded Software Engineer (Senior),Bionaut Labs,"Los Angeles, CA 90034 90034 (Palms area)",https://www.indeed.com/viewjob?jk=775772a2587b4a1e&from=web&vjs=3 
AWS Cloud Computing Specialist + Apprentice,New Apprenticeship,"Remote in Tempe, AZ+3 locations",https://www.indeed.com/viewjob?jk=c9bb0d6e940093de&from=web&vjs=3 
Senior SRE / DevOps Engineer,Sage,"San Jose, CA 95112 95112 (Fairgrounds area)",https://www.indeed.com/viewjob?jk=1f7243729a783749&from=web&vjs=3 
Part-Time Remote Children's Python Coding Teacher,Class Over,Remote,https://www.indeed.com/viewjob?jk=90fe8220a5554c9e&from=web&vjs=3 
Web Developer (Part-Time),Sporcle,"Temporarily Remote in Seattle, WA 98103 98103",https://www.indeed.com/viewjob?jk=b55668f202b5bfe1&from=web&vjs=3 
Virtual Cybersecurity Career Assistance Program,"DCI Resources, LLC (The Learning Academy)","Hartford, CT 06103 06103 (Downtown area)",https://www.indeed.com/viewjob?jk=674c9a3a93ed9ffe&from=web&vjs=3 
Aggregation Data Maintenance Associate,Indeed,Remote,https://www.indeed.com/viewjob?jk=22b51ede87572d1f&from=web&vjs=3 
Data Scientist,NIKE INC,"Beaverton, OR 97005 97005 (Central Beaverton area)+9 locations",https://www.indeed.com/viewjob?jk=8bc0ca0511559d44&from=web&vjs=3 
Entry Level Programmer -Hire and Train,Cognizant Technology Solutions,"Raleigh, NC 27601 27601",https://www.indeed.com/viewjob?jk=a9cd9fd5b934b5cc&from=web&vjs=3 
Entry Level opportunities,Cyber Wave LLC,Remote,https://www.indeed.com/viewjob?jk=ac234260ecdf607a&from=web&vjs=3 
Computer Science Teacher / Instructor (Online) for Summer Ca...,AlphaStar Academy,Remote,https://www.indeed.com/viewjob?jk=7c2b5527467bf4f2&from=web&vjs=3 
Lead Java Developer,"Wostmann & Associates, Inc.","Anchorage, AK",https://www.indeed.com/viewjob?jk=3bb96a6249caed97&from=web&vjs=3 
Jira Administrator,Cloudmed,Remote,https://www.indeed.com/viewjob?jk=fadd2e3ad4f41150&from=web&vjs=3 
Technical Support Engineer (West Coast - Remote),Airship,Remote,https://www.indeed.com/viewjob?jk=4b2ca6a7a8df34cf&from=web&vjs=3 
Software Development Engineer,Amazon.com,+2 locationsRemote,https://www.indeed.com/viewjob?jk=3fd248e062d04116&from=web&vjs=3 
Conflict Resolution Specialist,"ReferralExchange, Inc",Remote,https://www.indeed.com/viewjob?jk=b35348fb6ad8fe80&from=web&vjs=3 
Junior Software Engineer,Avant,Remote,https://www.indeed.com/viewjob?jk=8dccd1d2e217c814&from=web&vjs=3 
Software Development Engineer,Zonar Systems,+3 locationsRemote,https://www.indeed.com/viewjob?jk=6ac2e70353ede5a8&from=web&vjs=3 
"Principal Data Scientist, Core Commerce Open to remote work,...",NIKE INC,"Remote in Beaverton, OR 97005 97005+4 locations",https://www.indeed.com/viewjob?jk=bcc532db458ecb78&from=web&vjs=3 
Data Center Technician,Google,"Moncks Corner, SC 29461 29461",https://www.indeed.com/viewjob?jk=f691c82257044ed3&from=web&vjs=3 
Jr. Data Scientist,Market Resource Partners (MRP),Remote,https://www.indeed.com/viewjob?jk=c2d999c92dcb65b3&from=web&vjs=3 
Junior Software Engineer,Vibrant Wellness,"San Carlos, CA 94070 94070",https://www.indeed.com/viewjob?jk=b6e3761d1018783c&from=web&vjs=3 
IT Support Specialist,Marathon TS,Remote,https://www.indeed.com/viewjob?jk=a7891d0f3cca5564&from=web&vjs=3 
Python Developer,"Capture 3D, Inc","Hybrid remote in Farmington Hills, MI 48335 48335",https://www.indeed.com/viewjob?jk=e956f5bcb82c8f50&from=web&vjs=3 
Contact Center Solutions Engineer,Synergy Solutions,Remote,https://www.indeed.com/viewjob?jk=a217a649fc9cd2aa&from=web&vjs=3 
Software Engineer Associate-Entry Level,LOCKHEED MARTIN CORPORATION,"Mount Laurel, NJ 08054 08054+39 locations",https://www.indeed.com/viewjob?jk=6daf6f6c25a27dbf&from=web&vjs=3 
Entry Level Data Analyst,Talentheed Inc,"San Jose, CA",https://www.indeed.com/viewjob?jk=3691a35d597a41ab&from=web&vjs=3 
Cloud Advocate for Python,Microsoft,"Atlanta, GA",https://www.indeed.com/viewjob?jk=722a69f91d239ab7&from=web&vjs=3 
macOS Administrator,Apple,"Austin, TX+4 locations",https://www.indeed.com/viewjob?jk=20fba7994723754c&from=web&vjs=3 
System Assembly Technician,Stealth Mode Startup,"Newark, CA 94560 94560",https://www.indeed.com/viewjob?jk=ae0a689e45cd911f&from=web&vjs=3 
"Capabilities Analyst, ArcGIS – Nike Intelligence Center",Nike,"Beaverton, OR+1 location",https://www.indeed.com/viewjob?jk=5a9fff0a818d3f13&from=web&vjs=3 
"Data Scientist, Spotify Advertising",Spotify,Remote in Oregon+10 locations,https://www.indeed.com/viewjob?jk=cf1dfad66649138a&from=web&vjs=3 
"Trainee, Deloitte Cyber Career Accelerator Program",Deloitte,"Seattle, WA 98104 98104 (Downtown area)+19 locations",https://www.indeed.com/viewjob?jk=33b9be0a956b5ffb&from=web&vjs=3 
Qlik Sense Developer,Excel Impact,Florida+9 locations,https://www.indeed.com/viewjob?jk=527fb42ad58d0108&from=web&vjs=3 
Cloud Support Associate,"Amazon Web Services, Inc.",+1 locationRemote,https://www.indeed.com/viewjob?jk=2105d8a5281696df&from=web&vjs=3 
Principal Consultant - Power BI (REMOTE),P3 Adaptive,"Remote in Dallas, TX+2 locations",https://www.indeed.com/viewjob?jk=1b2d251713b687f8&from=web&vjs=3 
Senior Backend Developer,Strategic Employment Partners,Remote,https://www.indeed.com/viewjob?jk=c5544848a69692b4&from=web&vjs=3 
Researcher,Nike,"Beaverton, OR",https://www.indeed.com/viewjob?jk=a0cc477c361da2b7&from=web&vjs=3 
Senior Software Engineer - Cross Platform Mobile,Caption Health,+1 locationRemote,https://www.indeed.com/viewjob?jk=e2c223bf8db23004&from=web&vjs=3 
Python Instructor - Remote Job,CodeSimba,Remote,https://www.indeed.com/viewjob?jk=fcc182fdee8e640a&from=web&vjs=3 
Software Development Engineer I,Heartdub,"Bellevue, WA 98005 98005 (Eastgate area)+1 location",https://www.indeed.com/viewjob?jk=5c9afd5a6637df84&from=web&vjs=3 
Threat Hunter (Remote),CrowdStrike,Remote in United States,https://www.indeed.com/viewjob?jk=e57c697fd147acca&from=web&vjs=3 
"Threat Analyst, Adult Nudity & Sexual Activity (ANSA)",TikTok,"Mountain View, CA 94041 94041 (Old Mountain View area)",https://www.indeed.com/viewjob?jk=ea93db9c80d0046c&from=web&vjs=3 
Jr. Python Developer,Brilliant Infotech,Remote,https://www.indeed.com/viewjob?jk=2cccf8dc7fb69022&from=web&vjs=3 
"Vulnerability Management Analyst - Washington DC, Mountain V...",TikTok,"Washington, DC+1 location",https://www.indeed.com/viewjob?jk=350ec8fa13b81c5e&from=web&vjs=3 
Senior Researcher,Microsoft,"Santa Barbara, CA+5 locations",https://www.indeed.com/viewjob?jk=2002aa4da595a7bf&from=web&vjs=3 
Disaster Recovery Backup Administrator,Northrop Grumman,"Remote in Linthicum, MD",https://www.indeed.com/viewjob?jk=6b43ccf8ffa54579&from=web&vjs=3 
Junior Software Development Engineer - Full stack,Apple,"Austin, TX",https://www.indeed.com/viewjob?jk=cfe35f23f4dc70ef&from=web&vjs=3 
Security Analyst,Github,Remote,https://www.indeed.com/viewjob?jk=30856daf4cf23c88&from=web&vjs=3 
Healthcare Data Engineer,Percept Health,Remote,https://www.indeed.com/viewjob?jk=e7599188f5a999ca&from=web&vjs=3 
Senior Analytics Engineer - Company Analytics (m/f/d),Tier Mobility GmbH,+2 locationsRemote,https://www.indeed.com/viewjob?jk=009dd21921345b83&from=web&vjs=3 
Entry level Opportunity :: Data Engineer Entry level Opportu...,PCS Global Tech,"Boston, MA+1 location",https://www.indeed.com/viewjob?jk=c407b519368d0ed9&from=web&vjs=3 
Data Scientist,NIKE INC,"Gales Creek, OR 97117 97117+9 locations",https://www.indeed.com/viewjob?jk=39651bbceb3243b2&from=web&vjs=3 
Cyber security analyst,NX1r LLC,Remote in United States,https://www.indeed.com/viewjob?jk=81904dc93ee90ff2&from=web&vjs=3 
Aggregation Data Maintenance Associate,Indeed,Remote,https://www.indeed.com/viewjob?jk=22b51ede87572d1f&from=web&vjs=3 
Sr. Python Developer,Akava,Remote,https://www.indeed.com/viewjob?jk=1e5cb296de1338e2&from=web&vjs=3 
Associate Data Scientist,NIKE INC,"Manning, OR 97125 97125+9 locations",https://www.indeed.com/viewjob?jk=d4f965c8cc408eab&from=web&vjs=3 
Data Wrangler,John Deere,"Silvis, IL 61282 61282+2 locations",https://www.indeed.com/viewjob?jk=d26b580c24fd1c9d&from=web&vjs=3 
Python Developer,Infinizi IT Solutions Pvt. Ltd.,+4 locationsRemote,https://www.indeed.com/viewjob?jk=3292b77db36a2b3b&from=web&vjs=3 
"Mapping Analyst, Maps Delivery",Apple,"Cupertino, CA",https://www.indeed.com/viewjob?jk=7a8dfeb8dc505f6d&from=web&vjs=3 
Data Scientist,Imax Fashions,Remote,https://www.indeed.com/viewjob?jk=7835e25cbb3c2301&from=web&vjs=3 
Software Engineer Apprentice (Salesforce),IBM,"San Francisco, CA+18 locations",https://www.indeed.com/viewjob?jk=9ff781d70cc27436&from=web&vjs=3 
Product Owner - Vehicle Upgrade Strategy,Capgemini Engineering USA,+4 locationsRemote,https://www.indeed.com/viewjob?jk=e9a09994ec740f9c&from=web&vjs=3 
Data Analyst: Technical Business Intelligence,Barstool Sports,Remote in United States,https://www.indeed.com/viewjob?jk=1b69b56cac09ab1d&from=web&vjs=3 
Data Analyst Bootcamp Instructor,New Apprenticeship,Remote,https://www.indeed.com/viewjob?jk=a0cc72b09d8dda7a&from=web&vjs=3 
Data Mentor (Part-time),Pathrise,Remote,https://www.indeed.com/viewjob?jk=1ca4abef538dab27&from=web&vjs=3 
Senior Python Developer (100% Remote),For-Our-Direct-Client,Remote,https://www.indeed.com/viewjob?jk=50a77b4e694ce033&from=web&vjs=3 
Support Opportunities,RStudio,"Remote in Seattle, WA",https://www.indeed.com/viewjob?jk=2c26339484d5141f&from=web&vjs=3 
Applied Biomechanics Researcher,Apple,"Cupertino, CA+1 location",https://www.indeed.com/viewjob?jk=ef8bfdf697ccd979&from=web&vjs=3 
47462,Zachary Piper Solutions LLC,+6 locationsRemote,https://www.indeed.com/viewjob?jk=9828fba80e8c6d6d&from=web&vjs=3 
"Geographic Information Systems Specialist, Geo Data Operatio...",Google,"Hybrid remote in Mountain View, CA",https://www.indeed.com/viewjob?jk=372e5da1fa8745fb&from=web&vjs=3 
Title Detection Engineer,Cyberoam,Remote,https://www.indeed.com/viewjob?jk=66199a47da87ad9a&from=web&vjs=3 
SOFTWARE ENGINEER PYTHON (ENTRY LEVEL),XR Trading LLC,+2 locationsRemote,https://www.indeed.com/viewjob?jk=ba536aeb77dc6d5b&from=web&vjs=3 
Python developer - REMOTE ROLE,Maxisit,Remote,https://www.indeed.com/viewjob?jk=b6ba473709fa42f5&from=web&vjs=3 
Senior Front,Netflix,Remote,https://www.indeed.com/viewjob?jk=fcb9aa6a8da659e2&from=web&vjs=3 
Entry Level Data Analyst,TRESUME,"Washington, DC",https://www.indeed.com/viewjob?jk=d0485a9a731548aa&from=web&vjs=3 
Basketball Data Scientist (Remote),MSG Sports,Remote in New York State+1 location,https://www.indeed.com/viewjob?jk=8f422a5852e8357e&from=web&vjs=3 
"Senior Analytics Engineer, Regional Content",Netflix,"Los Angeles, CA+1 location",https://www.indeed.com/viewjob?jk=8137019da1a76afd&from=web&vjs=3 
Entry - level Associate QA Engineer,Extreme Networks,"Remote in Salem, NH 03079 03079+1 location",https://www.indeed.com/viewjob?jk=e5b7fc37827680f6&from=web&vjs=3 
Data Analyst,GHX,Remote,https://www.indeed.com/viewjob?jk=bd59e151d343a6aa&from=web&vjs=3 
"Analytics Manager, Central Planning and Analytics",Google,Hybrid remote in United States,https://www.indeed.com/viewjob?jk=5751971d188f850e&from=web&vjs=3 
Senior Python Developer,OMBU,"Remote in Portland, OR 97214 97214",https://www.indeed.com/viewjob?jk=d13b06d1113de40c&from=web&vjs=3 
"Online Instructor (Python, Excel VBA)",Day One Company,"Remote in San Francisco, CA 94111 94111",https://www.indeed.com/viewjob?jk=3c3369bb1bf34cc6&from=web&vjs=3 
Data Scientist,WorkCog,"California City, CA",https://www.indeed.com/viewjob?jk=c5d527d9ee22efba&from=web&vjs=3 
"Data Analyst, University Graduate - 2022 Start",TikTok,"Mountain View, CA 94041 94041 (Old Mountain View area)+11 locations",https://www.indeed.com/viewjob?jk=9ad119417b53fe9d&from=web&vjs=3 
Risk Analyst,TikTok,"Austin, TX 78745 78745+2 locations",https://www.indeed.com/viewjob?jk=9c1bbd012d8d85cc&from=web&vjs=3 
"Strategy and Analytics Associate, People Analytics, Recruiti...",Google,"Los Angeles, CA (Venice area)",https://www.indeed.com/viewjob?jk=619f2d455407be20&from=web&vjs=3 
Economist,Google,"San Francisco, CA",https://www.indeed.com/viewjob?jk=13e8fb056cd02ee6&from=web&vjs=3 
data scientist -Remote,Starbucks,"Remote in Seattle, WA+1 location",https://www.indeed.com/viewjob?jk=8458e9c983b98f15&from=web&vjs=3 
Data Scientist,Aignyte,Remote,https://www.indeed.com/viewjob?jk=75b7a064aa212bda&from=web&vjs=3 
Computer Science Teacher / Instructor (Online) for Summer Ca...,AlphaStar Academy,Remote,https://www.indeed.com/viewjob?jk=7c2b5527467bf4f2&from=web&vjs=3 
Python Data Engineer - ETL Specialist Consultant,DataAxxis,Remote,https://www.indeed.com/viewjob?jk=e94e3fb888dea23f&from=web&vjs=3 
Hiring Terraforms Experts,Graytitude,Remote,https://www.indeed.com/viewjob?jk=17e1d4115169f533&from=web&vjs=3 
Data Analysis and Visualization Specialist,TikTok,"Los Angeles, CA+2 locations",https://www.indeed.com/viewjob?jk=d6d55830ff085386&from=web&vjs=3 
Senior Software Engineer,Amazon,+126 locationsRemote,https://www.indeed.com/viewjob?jk=d584fc59ede32ed5&from=web&vjs=3 
IT Support Specialist,Marathon TS,Remote,https://www.indeed.com/viewjob?jk=54b83a385b752bd5&from=web&vjs=3 
Network Engineer - Entry Level Opportunity,Verizon,Remote in New Jersey+17 locations,https://www.indeed.com/viewjob?jk=825e40364330395f&from=web&vjs=3 
Customer Support Specialist,dbt Labs,Remote in United States,https://www.indeed.com/viewjob?jk=95b23e6b43ac153b&from=web&vjs=3 
Python Developer - REMOTE,HappyFunCorp,Remote,https://www.indeed.com/viewjob?jk=08d970820725c0dd&from=web&vjs=3 
Accessibility QA Engineer,Apple,"Boulder, CO 80301 80301+57 locations",https://www.indeed.com/viewjob?jk=4112270327ba5f24&from=web&vjs=3 
Software Engineer,LegitScript,"Remote in Portland, OR 97204 97204",https://www.indeed.com/viewjob?jk=bb7a6990cb304444&from=web&vjs=3 
Investigative Analyst,Graphika,"Remote in New York, NY",https://www.indeed.com/viewjob?jk=7ad1cb500d27cb40&from=web&vjs=3 
Computer Programming Coach at Summer Camp,Math Culture LLC,"Los Altos, CA",https://www.indeed.com/viewjob?jk=9d1a8ac779594722&from=web&vjs=3 
Security Engineer (Remote),CrowdStrike,Remote in United States+2 locations,https://www.indeed.com/viewjob?jk=94d0bf2cfc4ca802&from=web&vjs=3 
Python Test Engineer for Fortune 300 Company,TenetCube Technologies,"Cambridge, MA",https://www.indeed.com/viewjob?jk=dd7147753b30b7a9&from=web&vjs=3 
Python Developer,Paktolus,Remote,https://www.indeed.com/viewjob?jk=df1cce3cc988f374&from=web&vjs=3 
Associate Security Consultant,"Amazon Web Services, Inc.",+26 locationsRemote,https://www.indeed.com/viewjob?jk=9a76e1304fc2d730&from=web&vjs=3 
University Grad Software Engineer (USA),Pinterest,"Seattle, WA 98101 98101 (Denny Triangle area)+10 locations",https://www.indeed.com/viewjob?jk=cf0a5ae07b40afcc&from=web&vjs=3 
Web Developer (Part-Time),Sporcle,"Temporarily Remote in Seattle, WA 98103 98103",https://www.indeed.com/viewjob?jk=b55668f202b5bfe1&from=web&vjs=3 
Data Analyst,Integration Developer Network LLC,Remote,https://www.indeed.com/viewjob?jk=940a6e247ec895e2&from=web&vjs=3 
Remote Python Prep Instructor (Part-Time),Hackbright Academy,"Remote in San Francisco, CA",https://www.indeed.com/viewjob?jk=f0fb07ed1a7df054&from=web&vjs=3 
Content Creator,LeetCode,Remote,https://www.indeed.com/viewjob?jk=e94af63cb41ad9b5&from=web&vjs=3 
Part Time Computer Science Tutor -- Remote,Pearson,"Remote in Salt Lake City, UT 84190 84190+51 locations",https://www.indeed.com/viewjob?jk=7a9769ed83ec2c6f&from=web&vjs=3 
Ground Software — Associate Engineer (Summer/Fall 2022),Astranis,"San Francisco, CA+5 locations",https://www.indeed.com/viewjob?jk=2c9dfb88724c0d1b&from=web&vjs=3 
Data Analyst,"Gametime United, Inc.",Remote,https://www.indeed.com/viewjob?jk=b0de307e5d5e1f51&from=web&vjs=3 
MACHINE LEARNING DATA SCIENTIST - PYTHON AND R,InspiHER Tech,Remote,https://www.indeed.com/viewjob?jk=10be5b703cba933a&from=web&vjs=3 
Python Engineer,Oddball,Remote,https://www.indeed.com/viewjob?jk=070093eefd2f420a&from=web&vjs=3 
Junior Coding/Robotics Instructor-Part Time(US Residents onl...,Code Hero Academy,Remote,https://www.indeed.com/viewjob?jk=9c0a7200061c44f4&from=web&vjs=3 
QR Rates AAO Associate,"JPMorgan Chase Bank, N.A.","New York, NY",https://www.indeed.com/viewjob?jk=a930d357cc89782a&from=web&vjs=3 
Analyst,Avalanche,Remote,https://www.indeed.com/viewjob?jk=66002443ccbc5ef4&from=web&vjs=3 
Campus Recruitment - 2022 Full Time Software Engineer,Amex,"New York, NY",https://www.indeed.com/viewjob?jk=2fb9d8676ea98adc&from=web&vjs=3 
"Software Engineer, University Graduate - 2022 Start",TikTok,"San Francisco, CA+66 locations",https://www.indeed.com/viewjob?jk=784d8cd35e27844e&from=web&vjs=3 
Quality Assurance Technician,Amazon.com Services LLC,"Sunnyvale, CA",https://www.indeed.com/viewjob?jk=2dd85479be2e1a4c&from=web&vjs=3 
Algorithms Python Developer/Engineer,"Utilidata, Inc.",Remote,https://www.indeed.com/viewjob?jk=3740c8b53b174e08&from=web&vjs=3 
"Associate, YouTube",YouTube,"New York, NY",https://www.indeed.com/viewjob?jk=a19d5d6e71bffeee&from=web&vjs=3 
Data Analyst,Lulus.com,"Remote in Chico, CA 95928 95928+1 location",https://www.indeed.com/viewjob?jk=3b43b35014990c56&from=web&vjs=3 
Software Engineer (Remote),Vacasa,"Remote in Portland, OR+4 locations",https://www.indeed.com/viewjob?jk=4ab2ce86ba6a9c22&from=web&vjs=3 
"Product Operations Lead, Google Play",Google,"Hybrid remote in New York, NY+2 locations",https://www.indeed.com/viewjob?jk=a847fbb92fcadbf7&from=web&vjs=3 
"Backend engineer (remote, Python/Postgres/AWS)",Gridium Inc.,Remote,https://www.indeed.com/viewjob?jk=295721d5ecaa7e4b&from=web&vjs=3 
Threat Researcher,TikTok,"Los Angeles, CA",https://www.indeed.com/viewjob?jk=ef66e3e6c0d1064b&from=web&vjs=3 
Coding Teacher for Children,AiGoLearning,Remote,https://www.indeed.com/viewjob?jk=051346cc7006195d&from=web&vjs=3 
"Research Scientist, AIM",Amazon.com Services LLC,+58 locationsRemote,https://www.indeed.com/viewjob?jk=10d00b18c0bdc8ef&from=web&vjs=3 
Software Development Engineer in Test,PlayStation Global,"San Francisco, CA+7 locations",https://www.indeed.com/viewjob?jk=87be8d25e182408e&from=web&vjs=3 
Sr. Python Developer,spar information systems,+1 locationRemote,https://www.indeed.com/viewjob?jk=031646a46ad20332&from=web&vjs=3 
Remote Machine Learning Software Engineer,Piper Companies,+1 locationRemote,https://www.indeed.com/viewjob?jk=976c51aafc0a71d9&from=web&vjs=3 
"Site Reliability Engineer, Digital Workplace (Identity Acces...",Spotify,"Remote in Berlin, OR+1 location",https://www.indeed.com/viewjob?jk=929b35dab74ecfea&from=web&vjs=3 
On-Chain Data Specialist,Messari,Remote,https://www.indeed.com/viewjob?jk=9e360abdbdd117e1&from=web&vjs=3 
Clinical Data Scientist,Baylor Genetics,Remote,https://www.indeed.com/viewjob?jk=b40bca8deb302417&from=web&vjs=3 
Lead Engineer (Python/AWS),Strategic Employment Partners,Remote,https://www.indeed.com/viewjob?jk=42c7bc1a73d53bde&from=web&vjs=3 
Mentor/Instructor - Cybersecurity Bootcamp,Quick Start,Remote,https://www.indeed.com/viewjob?jk=4bff9b2e4d839bce&from=web&vjs=3 
Customer Support Specialist Tier 2 (remote),Insightly,Remote,https://www.indeed.com/viewjob?jk=382bd71258c32e11&from=web&vjs=3 
Data Analyst - Data Platforms,Bolt,Remote in United States,https://www.indeed.com/viewjob?jk=7933828f29939ede&from=web&vjs=3 
Business Intelligence Analyst,"Grammarly, Inc.","Remote in San Francisco, CA 94104 94104",https://www.indeed.com/viewjob?jk=7b05b47dab932ae0&from=web&vjs=3 
Software Engineering: Full time opportunities for Graduates,Github,+4 locationsRemote,https://www.indeed.com/viewjob?jk=c7a695ba3e0a1544&from=web&vjs=3 
Principal Researcher,Microsoft,"Cambridge, MA+3 locations",https://www.indeed.com/viewjob?jk=ad83c278c0cd94d3&from=web&vjs=3 
Data Analyst,"Gametime United, Inc.",Remote,https://www.indeed.com/viewjob?jk=b0de307e5d5e1f51&from=web&vjs=3 
Junior Software Developer,Clover IQ,"Dallas, TX",https://www.indeed.com/viewjob?jk=dc66ee8bebb8f8d4&from=web&vjs=3 
Data Scientist,Scripps Health,"San Diego, CA 92121 92121 (Sorrento Valley area)",https://www.indeed.com/viewjob?jk=3075e26bb5642b27&from=web&vjs=3 
Text Analysis Instructor (Remote),"Ithaka Harbors, Inc",Remote in United States,https://www.indeed.com/viewjob?jk=a77af49cf6103d91&from=web&vjs=3 
"Research Engineer, University Graduate - 2022 Start",TikTok,"Seattle, WA+4 locations",https://www.indeed.com/viewjob?jk=cd4699acc6390085&from=web&vjs=3 
Junior Software Engineer,High Alpha Innovation,"Remote in Indianapolis, IN",https://www.indeed.com/viewjob?jk=ced35d313abe9d97&from=web&vjs=3 
Data Science Associate (Remote),pulseData,"Remote in New York, NY+1 location",https://www.indeed.com/viewjob?jk=7e368dd898ab2967&from=web&vjs=3 
Investigative Analyst,Graphika,"Remote in New York, NY",https://www.indeed.com/viewjob?jk=7ad1cb500d27cb40&from=web&vjs=3 
Python Developer,Highbrow-Tech,+3 locationsRemote,https://www.indeed.com/viewjob?jk=cb7d5b960834efbf&from=web&vjs=3 
Business Intelligence Developer,Indeed,Remote in Texas,https://www.indeed.com/viewjob?jk=338267f22b80babf&from=web&vjs=3 
"Junior Network Engineer, Operations",PlayStation Global,"Aliso Viejo, CA+1 location",https://www.indeed.com/viewjob?jk=486d8e7c928db7ef&from=web&vjs=3 
Data Analyst,Teachable,Remote,https://www.indeed.com/viewjob?jk=2b24fb732192fdd5&from=web&vjs=3 
Software Engineers,Data Sys IT,"Remote in Grapevine, TX",https://www.indeed.com/viewjob?jk=d6c1cb9bde3c5a0c&from=web&vjs=3 
Data Curator/Analyst,Pharm3r,Remote,https://www.indeed.com/viewjob?jk=2331723f774af472&from=web&vjs=3 
Front End Developer,Rewire Neuro,"Portland, OR",https://www.indeed.com/viewjob?jk=4303ad7a1c341466&from=web&vjs=3 
Data Analyst - Data Platforms,Bolt,Remote in United States,https://www.indeed.com/viewjob?jk=7933828f29939ede&from=web&vjs=3 
Clinical Data Scientist,Baylor Genetics,Remote,https://www.indeed.com/viewjob?jk=b40bca8deb302417&from=web&vjs=3 
"Network Engineer, Security",Google,"Hybrid remote in Sunnyvale, CA",https://www.indeed.com/viewjob?jk=ad58933740224e18&from=web&vjs=3 
Lead Engineer (Python/AWS),Strategic Employment Partners,Remote,https://www.indeed.com/viewjob?jk=42c7bc1a73d53bde&from=web&vjs=3 
Software Developer,Frogslayer,"Remote in Austin, TX+1 location",https://www.indeed.com/viewjob?jk=aed1a59d4f59f452&from=web&vjs=3 
Associate Software Engineer I,ACLU,"New York, NY 10004 10004 (Financial District area)+1 location",https://www.indeed.com/viewjob?jk=a51ac93120e8ce67&from=web&vjs=3 
Cyberark Consultant (Senior Consultant only) Remote Work,Emonics LLC,Remote,https://www.indeed.com/viewjob?jk=cb66be46e6f7dd90&from=web&vjs=3 
ARO Project Coordinator,Carbon Tracker,United States+1 location,https://www.indeed.com/viewjob?jk=ade8e9a433101946&from=web&vjs=3 
Vulnerability Management Analyst (Remote),CrowdStrike,Remote in United States,https://www.indeed.com/viewjob?jk=2d6499de9b968b95&from=web&vjs=3 
Summer Quantitative Associate Program 2022,The Rock Creek Group,"Washington, DC 20036 20036 (Downtown area)",https://www.indeed.com/viewjob?jk=2985de8d56e3dd7c&from=web&vjs=3 
Data Scientist,Radcube LLC,Remote,https://www.indeed.com/viewjob?jk=e5007dbe311c621b&from=web&vjs=3 
"Guidance, Navigation, and Control — Associate Engineer (Fall...",Astranis,"San Francisco, CA",https://www.indeed.com/viewjob?jk=0ec6b4ace1f0479a&from=web&vjs=3 
Data Analyst,Hulu,"Santa Monica, CA 90404 90404+2 locations",https://www.indeed.com/viewjob?jk=ffd6daba05e9ec0b&from=web&vjs=3 
"Mobile Software Engineer, University Graduate - 2022 Start",TikTok,"Seattle, WA+4 locations",https://www.indeed.com/viewjob?jk=98a8935aed6b8053&from=web&vjs=3 
Back End Engineer,Fluid Truck,Remote in Colorado,https://www.indeed.com/viewjob?jk=dcbe4766dac2f35e&from=web&vjs=3 
Data Scientist,ClosedLoop,"Remote in Austin, TX 78704 78704",https://www.indeed.com/viewjob?jk=b3b4840791ebc3fc&from=web&vjs=3 
Cybersecurity Lead,Peerspace,Remote,https://www.indeed.com/viewjob?jk=82d5cbcc175c89c4&from=web&vjs=3 
GIS Analyst,ICF,"Remote in Portland, OR 97205 97205+1 location",https://www.indeed.com/viewjob?jk=8257fb51d188b1d7&from=web&vjs=3 
Research Analyst,Disney Media & Entertainment Distribution,"Burbank, CA+1 location",https://www.indeed.com/viewjob?jk=b0417a3b6e7dc7f7&from=web&vjs=3 
Data Scientist - Analytics,Acorn Analytics,Remote,https://www.indeed.com/viewjob?jk=ab21c93fcc0e9d95&from=web&vjs=3 
Data Science Instructor - Program Development,Berkeley Coding Academy,+1 locationRemote,https://www.indeed.com/viewjob?jk=6a5e9d51416d78c6&from=web&vjs=3 
Subseasonal to Seasonal Scientist,UC San Diego,"San Diego, CA",https://www.indeed.com/viewjob?jk=bff0dfcfd3e1ec29&from=web&vjs=3 
"Engineering Manager, YouTube",YouTube,"Hybrid remote in Mountain View, CA",https://www.indeed.com/viewjob?jk=5fa7febf95470367&from=web&vjs=3 
Geographic Information Spatial Analyst I,Fairfax County Government,"Fairfax, VA",https://www.indeed.com/viewjob?jk=54c67f27d8934911&from=web&vjs=3 
Targeting and Analytics Fellowship,Priorities USA,Remote,https://www.indeed.com/viewjob?jk=95e8dccd32d852d7&from=web&vjs=3 
Python Developer,Nexient,Remote in United States+1 location,https://www.indeed.com/viewjob?jk=1d85ebe78a1975b8&from=web&vjs=3 
"Backend Developer (Python, Django) in BioTech",Longevity InTime,Remote,https://www.indeed.com/viewjob?jk=5769a254f7ad37a0&from=web&vjs=3 
Clinical Data Analyst,Medidata Solutions,Remote,https://www.indeed.com/viewjob?jk=3ca7eb3aaed9ec0e&from=web&vjs=3 
Software Engineer II (Python/Go) - Remote,Akamai,"Remote in Portland, OR+3 locations",https://www.indeed.com/viewjob?jk=b268ee13b9dbdf38&from=web&vjs=3 
"QA/Test Specialist - End to End Testing, Apple TV+",Apple,"Culver City, CA+57 locations",https://www.indeed.com/viewjob?jk=36da2668bd5305db&from=web&vjs=3 
Data Center Technician,"Amazon Data Services, Inc.","Manassas, VA 20109 20109+18 locations",https://www.indeed.com/viewjob?jk=62ebf5771e8085d2&from=web&vjs=3 
Sr. Python Developer-100% Remote Position,Nitor Infotech,+1 locationRemote,https://www.indeed.com/viewjob?jk=6aa160ab1171e7f2&from=web&vjs=3 
Python Engineer,Oddball,Remote,https://www.indeed.com/viewjob?jk=070093eefd2f420a&from=web&vjs=3 
Data Scientist (Infectious Disease Modeling),The Public Health Company,"Remote in Oakland, CA",https://www.indeed.com/viewjob?jk=d408cb5386c31bf4&from=web&vjs=3 
Associate Programmer Analyst,Cigna,"Hartford, CT 06152 06152 (Frog Hollow area)",https://www.indeed.com/viewjob?jk=7179330a89a69c2f&from=web&vjs=3 
Research Scientist,Stanford University,"Remote in Stanford, CA+2 locations",https://www.indeed.com/viewjob?jk=e55d69c00ac725bc&from=web&vjs=3 
Python Developer,Convazant,"Sunnyvale, CA",https://www.indeed.com/viewjob?jk=3bd86e0ab712b364&from=web&vjs=3 
Data Engineer,CGATE Corporation,Remote,https://www.indeed.com/viewjob?jk=4761f6e29096a583&from=web&vjs=3 
Python Full Stack Developer,FPT Software,Remote,https://www.indeed.com/viewjob?jk=91c367e433b40ae6&from=web&vjs=3 
"CO-OP, DATA SCIENCE",PUMA,"Boston, MA 02210 02210 (South Boston area)",https://www.indeed.com/viewjob?jk=16330f4d1e351799&from=web&vjs=3 
Python Backend Engineer,Potato London Ltd,"San Francisco, CA",https://www.indeed.com/viewjob?jk=43a7c98bbd0875ed&from=web&vjs=3 
Desarrollador Backend Python,Seeconds,Remote,https://www.indeed.com/viewjob?jk=d0eb1294325cb3f1&from=web&vjs=3 
Ground Software — Associate Engineer (Summer/Fall 2022),Astranis,"San Francisco, CA+5 locations",https://www.indeed.com/viewjob?jk=2c9dfb88724c0d1b&from=web&vjs=3 
AWS Cloud Infrastructure Engineer - part time,"Propensity2, LLC",Remote,https://www.indeed.com/viewjob?jk=a17e8d27c0644bf0&from=web&vjs=3 
Hack(Php) Developer,QATOS LLC,Remote,https://www.indeed.com/viewjob?jk=4a1a159516a4c684&from=web&vjs=3 
Senior Python Developer,Supervillain Software Group,Remote,https://www.indeed.com/viewjob?jk=5a9259a30c36ae72&from=web&vjs=3 
Remote DevOps Engineer,Piper Companies,+7 locationsRemote,https://www.indeed.com/viewjob?jk=97e3f799af25bb64&from=web&vjs=3 
Healthcare Data Engineer,Percept Health,Remote,https://www.indeed.com/viewjob?jk=e7599188f5a999ca&from=web&vjs=3 
Python Developer / AWS Developer,CriticalRiver Inc.,"San Francisco, CA",https://www.indeed.com/viewjob?jk=3478661616ee2464&from=web&vjs=3 
Back End Software Engineer (Python),Intellipro Group,"Remote in San Francisco, CA",https://www.indeed.com/viewjob?jk=c32432587b7eea16&from=web&vjs=3 
"Partner Engineer, gTech",Google,"New York, NY (Chelsea area)+8 locations",https://www.indeed.com/viewjob?jk=a0796d01428f7312&from=web&vjs=3 
Quantitative Validator (Remote),Charles Schwab,"Remote in Lone Tree, CO 80124 80124",https://www.indeed.com/viewjob?jk=e9b881e113fe12f5&from=web&vjs=3 
Sr. Python Developer,sourcemantra,Remote,https://www.indeed.com/viewjob?jk=1e8576f1af500eac&from=web&vjs=3 
Python Developer,Orion Inc.,Remote,https://www.indeed.com/viewjob?jk=5c32ba470361c0fa&from=web&vjs=3 
Python Developer,Business intelli solutions,Remote,https://www.indeed.com/viewjob?jk=18bbba352a958213&from=web&vjs=3 
Part Time Data Analyst,Pathway Healthcare LLC,United States,https://www.indeed.com/viewjob?jk=3e1631c024010d95&from=web&vjs=3 
ERP Programmer Analyst I,1-800-PetMeds,Remote,https://www.indeed.com/viewjob?jk=bae75dac837c8950&from=web&vjs=3 
RESEARCHER,University of Washington,"Seattle, WA 98195 98195 (University District area)+1 location",https://www.indeed.com/viewjob?jk=cddd74bd987da30e&from=web&vjs=3 
Early Career Software Engineer,"Upstart Network, Inc.",Remote,https://www.indeed.com/viewjob?jk=bea7ef34e9346088&from=web&vjs=3 
Python Developer,Pandit View Software LLC,"Dallas, TX",https://www.indeed.com/viewjob?jk=d2762be27e11100e&from=web&vjs=3 
Software Engineer (Remote),Vacasa,"Remote in Portland, OR+4 locations",https://www.indeed.com/viewjob?jk=4ab2ce86ba6a9c22&from=web&vjs=3 
Remote Machine Learning Software Engineer,Piper Companies,+1 locationRemote,https://www.indeed.com/viewjob?jk=976c51aafc0a71d9&from=web&vjs=3 
Python Full Stack Developer,"TWO95 International, Inc",Remote,https://www.indeed.com/viewjob?jk=db891224a2f09184&from=web&vjs=3 
Remote Training and Placement in Python Developer Precision...,precision technologies,Remote,https://www.indeed.com/viewjob?jk=6bb9d76558a03514&from=web&vjs=3 
Software Developer II (Python) - REMOTE,"Bio-Rad Laboratories, Inc.","Remote in Boulder, CO 80301 80301+4 locations",https://www.indeed.com/viewjob?jk=400b33b3ff9ba5cf&from=web&vjs=3 
AWS Python Developer,Kaizen Technologies,Remote,https://www.indeed.com/viewjob?jk=b537ccab0c8e8d38&from=web&vjs=3 
Entry Level Python Developer,NR Consulting LLC,"Mountain View, CA",https://www.indeed.com/viewjob?jk=4c288266d296de12&from=web&vjs=3 
"Software Engineer, Python (Remote)",Telnyx,"Remote in Chicago, IL 60654 60654",https://www.indeed.com/viewjob?jk=67a9ce5d5140d540&from=web&vjs=3 
"Software Engineer, University Graduate - 2022 Start",TikTok,"San Francisco, CA+66 locations",https://www.indeed.com/viewjob?jk=784d8cd35e27844e&from=web&vjs=3 
TRADER (ENTRY LEVEL),XR Trading LLC,Remote,https://www.indeed.com/viewjob?jk=22866fa55ac2cdbc&from=web&vjs=3 
Data Engineer - Associate,Paramount,"Hollywood, CA 90028 90028+5 locations",https://www.indeed.com/viewjob?jk=7cadbdf47ec0508c&from=web&vjs=3 
Researcher,Nissan,"Silicon Valley, CA",https://www.indeed.com/viewjob?jk=b74ae83f035af537&from=web&vjs=3 
Python Developer,Inpixon,"Portland, OR 97218 97218 (Cully area)+1 location",https://www.indeed.com/viewjob?jk=83977fb6f19bebe4&from=web&vjs=3 
IT Support Engineer,"Amazon Web Services, Inc.",+1 locationRemote,https://www.indeed.com/viewjob?jk=a26262013ef546a7&from=web&vjs=3 
Senior Cloud Advocate for Python,Microsoft,United States+1 location,https://www.indeed.com/viewjob?jk=978b9f1ebc8e70b4&from=web&vjs=3 
Senior Front,Netflix,Remote,https://www.indeed.com/viewjob?jk=fcb9aa6a8da659e2&from=web&vjs=3 
Python Developer,idooglobal inc,"Houston, TX 77036 77036 (Sharpstown area)",https://www.indeed.com/viewjob?jk=e7d6247e67af8050&from=web&vjs=3 
Python Engineer,SugarCRM,Remote,https://www.indeed.com/viewjob?jk=0b05c2ae25b651c4&from=web&vjs=3 
Python Developer,SEQ Technology,Remote,https://www.indeed.com/viewjob?jk=1f328919a729eb6a&from=web&vjs=3 
Senior Python Developer - Remote,CentralSquare Technologies,Remote in United States,https://www.indeed.com/viewjob?jk=5b6f6aba5d65b5a5&from=web&vjs=3 
Detection: Machine Learning Engineers (All Levels),Abnormal Security,"Remote in San Francisco, CA",https://www.indeed.com/viewjob?jk=3846ea04461ea621&from=web&vjs=3 
Data Analyst,Integration Developer Network LLC,Remote,https://www.indeed.com/viewjob?jk=940a6e247ec895e2&from=web&vjs=3 
Python Developer,CAPCO,"Houston, TX",https://www.indeed.com/viewjob?jk=eb08b509ec930fee&from=web&vjs=3 
Director of Psychological Science,VoiceSignals,Remote,https://www.indeed.com/viewjob?jk=57b1bc02515474b9&from=web&vjs=3 
Software Engineer,"Tableau Software, LLC","Seattle, WA 98103 98103 (Wallingford area)",https://www.indeed.com/viewjob?jk=6614c9bfa7a1fc79&from=web&vjs=3 
